CBBV2	SWPV2	BLTM2	BISM2	SLIM2	APAM2	KPTV2	LWTV2
3.8960498738250733	3.769077560317516	1.8184890472462178	1.9451402231037616	1.7551910720081332	1.5051251241431238	3.948379740846157	2.1825011283688545
3.8614761238656046	3.7372139201879504	1.8018413694074153	2.0014597785651684	1.7884691203744412	1.4972073225692513	3.916365908455849	2.216023141377449
3.824194415267468	3.7045523836731915	1.7859401549270153	2.058886904168129	1.8220245746285917	1.490656945259929	3.8851828270077706	2.248597750210047
3.7856397881469728	3.669378842484951	1.771179169582367	2.117542653310299	1.856184318056822	1.4851089252845049	3.8542289452075957	2.2805181035630704
3.7441992402038577	3.6304868694663046	1.7572753361632825	2.1769277540624143	1.8907622726173403	1.4806233004347087	3.81897424544096	2.312130152099609
3.6993623524270056	3.589991867852211	1.7436931058337688	2.2371242450356483	1.9251736076385977	1.47772476580894	3.7800480489253996	2.3433557684652806
3.6521751904449467	3.5509454001903533	1.7307419567873479	2.2980983916401865	1.9592353740842343	1.4765579401270152	3.7425271669745444	2.373930551701069
3.6015664610228537	3.514328996372223	1.718792480604887	2.3595383689284324	1.9926334980340006	1.4772007062897683	3.7057873630046845	2.4042962782614232
3.5486770777664187	3.4777082901716234	1.7077358465662003	2.4210190232872963	2.0257558783800604	1.479889793114424	3.666436990690231	2.4344435611300472
3.4931416315100194	3.4397157106518748	1.6973251565864087	2.4824575338542463	2.058777348300934	1.4840298584268095	3.624651665461063	2.4641238399379253
3.4346913211307526	3.4007108978748324	1.6872950318922997	2.544167290079594	2.0921263859779837	1.4893245756343605	3.579772927236557	2.4933207851879597
3.374540005173445	3.3602245010256766	1.6772643205096722	2.6055866354882715	2.1257903776080607	1.4959471645221711	3.532682373297215	2.521994306498051
3.3130701067707538	3.319928582382202	1.6668556839396955	2.6661992841839792	2.159766096404314	1.504226170660615	3.4829003857791423	2.549714850091219
3.2498516810200213	3.2785085685372355	1.6564313045611383	2.72554224114418	2.1939096081168654	1.5143795977250338	3.431755423051119	2.5766256657474043
3.187194618400097	3.2355453683257105	1.6463987842222454	2.7828089074373246	2.227961987546206	1.5266665175870657	3.3809887766361237	2.6031146523587703
3.1254025302193167	3.190944524896145	1.6366521767547133	2.8375760850787164	2.261866130343199	1.540752517791152	3.3289474516332147	2.6286479233734608
3.062969680394888	3.142306286644936	1.6269259078224898	2.8889414471268653	2.295914598515749	1.556273704783678	3.2721586431384084	2.6529795585207943
3.000305577512741	3.089597994577885	1.6171598907431366	2.936515823531151	2.3299684446663855	1.5733143661484719	3.2108229008436204	2.6766782545380594
2.937046572472811	3.0332530159473423	1.607655438961625	2.98061426602602	2.3635332859368328	1.591249825285435	3.147162014168501	2.7000931888751984
2.872858937289476	2.974945173096657	1.5984485360404252	3.0213879446864125	2.396497162601471	1.6100561257467272	3.0827123247802257	2.7223179277710914
2.8093576298913954	2.9153533624231818	1.5895263726135493	3.059083659815788	2.4286561026186946	1.6300671910808089	3.019667363268137	2.742912650399685
2.746590074267149	2.8533374525725845	1.58118586196208	3.093599914300442	2.45973690470171	1.6511342957482338	2.959072901916504	2.7628823541932106
2.6840002852640152	2.7897108871757985	1.5739768290092946	3.1254267886161804	2.4896646682829857	1.6728093075022699	2.9009872184515	2.7824726660780907
2.623369400333524	2.7250539989590647	1.5681100416054727	3.1544551586985587	2.518549886366844	1.6952405607566834	2.8447531239509583	2.8006455385022164
2.5651364580503704	2.6599566054463386	1.5632760704478026	3.1808213318467145	2.5466612622947693	1.7184763595328332	2.7890385421335697	2.817500904076576
2.505900033946991	2.594974985134602	1.5594701731374263	3.2041903089165684	2.573880676111698	1.7426389306054118	2.733428488653898	2.8342755021982193
2.4475302954576015	2.5297827436447147	1.5572904786189796	3.224343255090713	2.600074167272568	1.7677804892525675	2.6781244421273467	2.8512261068754197
2.3904200794360637	2.464953564566374	1.5575227094908954	3.240970203268528	2.6250309190363885	1.7938867593870165	2.623531364303827	2.867527638488293
2.3334540910086634	2.400846892398596	1.5603436545600893	3.254269845294952	2.6487354819388393	1.8208338519499305	2.5692114388763905	2.883204542391777
2.278827376376748	2.3389518403828147	1.565253259645939	3.264629200029373	2.671014782866955	1.848828574644089	2.515302830991149	2.8987928563289644
2.2266620400882364	2.278384562265873	1.572071655826807	3.2720259733080868	2.6915340182394982	1.877237010525227	2.462876344975829	2.9139665770463945
2.1779225736222267	2.2204115229964256	1.581198280202389	3.276582196342945	2.7105489842505457	1.9056518999800685	2.4105220705389976	2.9276231212549213
2.1323116481266022	2.165627331387997	1.5930924121012688	3.278292197811604	2.72797891344738	1.9348160884544852	2.3591325564801693	2.939223126643181
2.0896617640293242	2.1132780438035725	1.6079005280902385	3.277192939090729	2.7436178781600002	1.9644318315253257	2.3091921630620957	2.949274469905377
2.0496297085470556	2.0638565763801338	1.6254878853728774	3.273052678215504	2.757230616292477	1.9941117192075253	2.261539854866266	2.958235354774475
2.0123706730156243	2.0153009145379066	1.6456832686831953	3.2656721366524692	2.7690809421153073	2.0238121409878733	2.21644445746094	2.965544907026768
1.9781554875223935	1.9686500836431982	1.6684256624152662	3.2552949856996536	2.7794045088500976	2.0531155702040196	2.1727602659508585	2.97095045947361
1.9449093342329413	1.924207695004344	1.6936185563077928	3.242430862116814	2.7887203402729037	2.081318371759415	2.1292401516631245	2.97488987731266
1.9124631735178679	1.8820347153365613	1.7208991812934875	3.2273926664471624	2.796976612231255	2.10844381763196	2.08741650834009	2.977423002772808
1.882238094834987	1.84256832536757	1.7500793081393242	3.2105423855066304	2.8040737832398417	2.134861717151165	2.048003617030382	2.977974489980221
1.854648467767254	1.8050533103019	1.7814349737932682	3.1922506108760835	2.8099866256923676	2.161866500751734	2.0094771020680664	2.976017297082424
1.8300153196015432	1.7712522780120374	1.8147905628254415	3.172787023711204	2.8146944099278453	2.189474204586506	1.9721105619769543	2.971832447879791
1.8080061673465222	1.7412239706858994	1.8491975954642297	3.1523364308953283	2.818264605125904	2.2171573956773285	1.937809338001348	2.9655194838576318
1.7890861287600397	1.7144312016487122	1.883672195064068	3.130815913784504	2.820438286087036	2.2451558340654376	1.906421578652039	2.9567250229649544
1.7738255048058034	1.6906814148396254	1.9181828760077955	3.1080621774077413	2.8212580855102543	2.273205901043177	1.8789875025342218	2.94516667246151
1.761821460479781	1.6679995844744147	1.9532171764543058	3.0838141453742978	2.8204459130377773	2.30046344961381	1.8541636464146896	2.9313339261345863
1.7534416233635544	1.6485808178678156	1.9889330133965017	3.0580485457062725	2.817835344693184	2.327063418136597	1.8312012230984867	2.915753630273819
1.7468772999792397	1.6311591023102403	2.025162300573826	3.0306087325692177	2.8131987453312877	2.3532107564673423	1.8101380602445452	2.8981952162914277
1.7428114507644474	1.6150817101567985	2.062133748727083	3.0012420387744907	2.8064837041110993	2.3791198014781476	1.7906308503437787	2.8783772692613603
1.7413179862498342	1.6010130417093635	2.100236332344055	2.9699451397538184	2.7978253549547194	2.4050634611115456	1.7720807188682257	2.856337532811642
1.7413726827315092	1.588645598848164	2.1392181664874554	2.9370156821489335	2.7873050520033837	2.431020125673771	1.7562799992419778	2.832488057845116
1.7423396920821665	1.5785346883673221	2.1785173013379575	2.902650206613541	2.7748093688101774	2.4569366998538973	1.7439603226043283	2.8070422034196856
1.7454175089410544	1.5710138671349734	2.2182353317906855	2.866907381999493	2.760332438489914	2.482665142582417	1.7334582314424216	2.780015027873993
1.7505191078445912	1.564141263379529	2.258843466507435	2.830205517220497	2.743894599577904	2.507912696288586	1.7243304459124802	2.7514024243884085
1.758120134286493	1.5574795741464944	2.3005240678360463	2.792979935157299	2.725535746893406	2.5326492442951203	1.71860211699903	2.7217075761489866
1.7683194636161477	1.5519900519054384	2.3430556608607773	2.7551586686849596	2.705543944499016	2.557020089791775	1.7163307401768861	2.6914027674131393
1.7801768847032486	1.5485532977886498	2.3857385217418674	2.716801364469528	2.6841260978789334	2.5810232771501544	1.7163123694926499	2.6603471929364204
1.7937479190602004	1.5467475010853262	2.4281164023747444	2.67799387459755	2.661596476516247	2.604446816252232	1.7180044525161384	2.628695542924881
1.8106086931693404	1.5454011181600393	2.470656306820154	2.638746368336678	2.6381152463765147	2.6276726413235667	1.721722419884801	2.5969271418981554
1.8298689591501875	1.5442763384886087	2.513699981140137	2.5991455778062345	2.6139188429327014	2.650303955362797	1.727627586495876	2.565571085118532
1.8509679153511804	1.54496852093637	2.556634238051415	2.5590501110732555	2.5889916211576463	2.6723552300200466	1.7361641855619847	2.534703446530581
1.874447798704639	1.548180151668191	2.5989612723460196	2.51873062710762	2.563404570362091	2.6935837718114857	1.7468040996350347	2.503697447233677
1.9008054618136063	1.553569912415743	2.6408891628851894	2.4781457643687723	2.537408793231964	2.714072303818226	1.7585351810164749	2.4722753879957198
1.9284683296474665	1.5603028415244073	2.6824370748271944	2.4373324842333792	2.511111458203316	2.7331551301345827	1.770936688479781	2.441106680416346
1.9582095629478842	1.569020929016918	2.7230934157838824	2.3961492969870566	2.4847873310656547	2.750605397866726	1.786960765314102	2.4106962677471637
1.9905710266194343	1.5809380273267628	2.762597500490189	2.354570583897829	2.458595208844662	2.7669120141134265	1.8057339423194527	2.380810647957802
2.0246914130262135	1.5960382041938603	2.801350428329945	2.3124957278847695	2.432475249311447	2.7821119402513506	1.8272011318884789	2.3511930470399856
2.0614649515858887	1.613806542661786	2.839187339829445	2.2698466993749142	2.406251934817553	2.7962554359302523	1.851496037890017	2.3217674888305666
2.099859608303666	1.634409014467895	2.875221161948681	2.2267847399294376	2.3799415948600773	2.80937496458149	1.8780657209097873	2.292699321710348
2.140206984419286	1.6585684932030738	2.9089702234139443	2.1836449464738372	2.3534333453090195	2.8211183175311088	1.906487339712493	2.2638292597465517
2.1824677229112983	1.6864680379077792	2.9406514034142495	2.1407964438676834	2.3267564228088857	2.83127878485775	1.9373815198445692	2.2349945946567056
2.2254913031495214	1.7172251590460539	2.9704094184508327	2.0984009625792504	2.3001045323522096	2.8394306262598037	1.9695602453209458	2.2063887380890845
2.2704214010647537	1.7493569647192955	2.998521967755795	2.056584053951502	2.273372167787075	2.845602589474678	2.0039498728670178	2.178265628390789
2.31711686917758	1.7835208149671555	3.025551294492722	2.01543645914197	2.246526474556446	2.849914554522991	2.0403239132136104	2.150092747949839
2.3638311602137088	1.8201567506238818	3.051246491538525	1.9750779603898525	2.219351062378407	2.8527981285915374	2.0792103615820405	2.12129103519845
2.4116494034788607	1.8593915453001857	3.0750985088219642	1.9356540564477442	2.19209488274765	2.854993517027855	2.119975802157819	2.09219177358675
2.4610205134711265	1.9009617758512498	3.0977417521944046	1.8975398368418217	2.16485601042819	2.8568323944077494	2.162033839766681	2.063226081394434
2.510561518680215	1.9444578359097244	3.119775230633259	1.8609967690885068	2.1377209819765093	2.857588635908127	2.2055494316637514	2.034715855055332
2.5607790246418713	1.989114952546358	3.140902470873833	1.8259433034837245	2.1109884218485355	2.856951883302689	2.2504895032837986	2.00666295241642
2.6124356775394677	2.0352534576922654	3.1610172822942735	1.7921507292866705	2.084834727725506	2.8549229188427927	2.2964107870057227	1.9786807457439899
2.6665572533569337	2.0830886660337447	3.180436085568905	1.7593646681338548	2.0593006744594575	2.8517418936953547	2.3444170883864164	1.950325600736618
2.7227049090824127	2.1316597284495833	3.1986494395008087	1.7274375189721585	2.0343230952532294	2.8475335769519807	2.394987145256996	1.921857224845171
2.778927269812584	2.1811128770530224	3.214699672864914	1.6963045016109943	2.009829436293364	2.8422039028868675	2.4481584323465824	1.894061878465891
2.8360089336595538	2.231073951241374	3.228450282799244	1.6659978839188814	1.9858745529563429	2.8353758263454436	2.5052677683353424	1.867511876248598
2.8926895959041117	2.281047199216485	3.2402290326228145	1.6362667587727309	1.9625766629786492	2.8272065798506736	2.565206067469716	1.8421495271556378
2.9472873183450696	2.330707204413414	3.250057238685131	1.6073489794760942	1.9398397450060847	2.8176769982442855	2.6236922636300326	1.8175886923604012
3.000495273467064	2.379873560112715	3.257660526322365	1.5792846364110709	1.9176029789955618	2.8064999952778815	2.6807821900069713	1.793259892874241
3.051646298643112	2.429715878766775	3.263029508518219	1.5517736872911452	1.8959141800613404	2.7939876892433166	2.7381494733810423	1.7691064154736997
3.099870725925922	2.481364806932211	3.266125268267632	1.524833928334713	1.874611031046629	2.7803933340177536	2.7952046384632587	1.7456760316722393
3.1457820359430313	2.534271790844202	3.267065729962826	1.4988267596691847	1.853666739842415	2.7656533716783525	2.851647691857815	1.723736814522028
3.188206362750292	2.587346469891071	3.266409225510597	1.4740502679526806	1.8332526194961072	2.7498872911200527	2.9070059581816197	1.7035554628454448
3.228423469569445	2.6401265335202218	3.264313574122429	1.4506460895717144	1.8134257743568423	2.733075144933224	2.96023532743454	1.6843044035964012
3.267115479584694	2.6910050418794156	3.260702506290913	1.428638132083416	1.7945071230442524	2.715614707933426	3.010920228582621	1.6655542785607578
3.3032394561729435	2.7400149473071096	3.2556360598077774	1.4078430064350367	1.7767017131955625	2.6979673128590584	3.0588717479228973	1.6479898999117613
3.336039353396654	2.786280714970827	3.2489659980406764	1.3883516982376576	1.759757953217745	2.6799864831433298	3.1046073447287084	1.6319549693398476
3.365643264915705	2.8302168403089047	3.24033815668726	1.3701667009174823	1.7434566171677113	2.6613368285164833	3.1484001225054263	1.617148760088563
3.392322240825653	2.8711200793504714	3.2298462103476524	1.3535413905784488	1.727518147966385	2.642056288169384	3.1907411395430563	1.6036156649224758
3.4163556426427366	2.9090828355371956	3.2180275657048227	1.3386794459179043	1.7119120378108026	2.6219381521806717	3.229038992655277	1.5915650338612797
3.437260723497629	2.944527524602413	3.204868337797165	1.3256507317602635	1.6967984526665212	2.6012540573344234	3.2640831690251826	1.5807224922411443
3.4556988769135475	2.976761854094267	3.19011390380764	1.314384503248334	1.6822773251445295	2.580574264870644	3.2979313808500765	1.570640787848115
3.471565476771355	3.0070265724480154	3.173676847146988	1.3045139578312634	1.6684908294291496	2.5597871084079746	3.330521732491255	1.5615566983901261
3.4839346308073997	3.0358371833086015	3.1555082771053318	1.2961443816527725	1.6555833397866488	2.5388245320782663	3.359139420610666	1.5542281765424013
3.492818561699152	3.0629588157057763	3.1357255313863757	1.2894070951595902	1.6435065521956682	2.517766521082878	3.385266811531782	1.5489537489794492
3.4993414624295234	3.088024593752623	3.1147842714061738	1.2843737232416867	1.632109492144108	2.4965585133895876	3.4093917367577555	1.5454353779338599
3.5048893846235276	3.110463669520617	3.093132727192879	1.2811153774365782	1.6214002754898074	2.475061463819504	3.430573147904873	1.5438550835185052
3.508225295539856	3.1308333971023563	3.070562819885254	1.279747146475315	1.6116706330986026	2.4529485868678096	3.44760843129158	1.5449394305728674
3.5090626956186295	3.1486503451585772	3.0469337442388538	1.280034257169068	1.6032210961641074	2.4305030575261117	3.4618406147181986	1.5487267005227805
3.5086177901587488	3.1641309039711953	3.0225319998135567	1.2818471980273722	1.5963195368857384	2.408229427920342	3.474784136813879	1.5550466559164524
3.5067662011942864	3.176920909237862	2.9973998281826972	1.285146416465938	1.5908798098326922	2.3862125723228456	3.485918115955591	1.5641172026478052
3.501417166408062	3.1869998268604283	2.971219048606396	1.2902315392002464	1.5871352703632118	2.3644225696191787	3.492532344532013	1.576055580639124
3.4943992961308954	3.194020532798767	2.944205562459469	1.2973039715096353	1.5851934291483165	2.3426911379859447	3.496829153460264	1.5908225795410873
3.4852569289467334	3.198423239004612	2.917331317054272	1.3063258475393056	1.5851844332576992	2.3210007745490078	3.4995982254862783	1.6085630625270606
3.473044225182295	3.200427171421051	2.8902691357603074	1.317435870233178	1.58712011424315	2.2994991292521956	3.4991987883865834	1.6293510501317978
3.4578487969896794	3.200691181254387	2.8622301180830005	1.33063516407758	1.5909654663563968	2.2779934749171735	3.4945798874616623	1.6529052252106666
3.4394788950047492	3.1987860080718997	2.8333779501190186	1.3460566140219568	1.596817390984416	2.256558027641535	3.4870991199433803	1.6780158360384703
3.419460104938507	3.1940152526021004	2.8045287155976295	1.363834498400986	1.6046563807339669	2.235909036324978	3.4776831603467464	1.7033965191476346
3.3976043931207656	3.1862690085291865	2.776387614118099	1.3843711633116007	1.6142624763013127	2.2148741995260717	3.4670212698996066	1.7290787601553204
3.373870398010969	3.1751938938021658	2.7484729744067193	1.407850095587969	1.6255099796713592	2.1941795442864898	3.4540287593126298	1.75560211693573
3.350355237718582	3.1616709190130234	2.7202204021086693	1.4340700855135917	1.6386629495681526	2.1738784592614175	3.4393773869395257	1.7828228019111156
3.3261334111056327	3.1450238278627394	2.6918946893086435	1.4631608401417733	1.6537029053033592	2.153743993775606	3.42240898604393	1.8100803993724583
3.3003952880165577	3.126000257086754	2.663985720919609	1.4951966733515263	1.670669937259078	2.1343821970686916	3.403348942798376	1.836838333778858
3.2741750047466756	3.104628269952536	2.6361784452071193	1.530501926112175	1.6894247558028699	2.115690496431351	3.382905879151821	1.8627350583307742
3.245949713464737	3.081333606761694	2.607972416864872	1.5691021193742754	1.7099395910115245	2.097329199211359	3.3605079693615436	1.8877583014600279
3.215776127394199	3.056262450736761	2.580224983381272	1.610982439252734	1.732087375930071	2.0795410966739656	3.3360466760516165	1.91203459232378
3.1843246359488964	3.030042363029718	2.553635673033238	1.6560471088469029	1.755896760514498	2.0618426596984865	3.3096824585318565	1.9359332513444425
3.150830392863512	3.0038758595407007	2.527681159662247	1.7039249987781049	1.7810122115225795	2.044060228483439	3.2822598549246784	1.9600386202864648
3.1161328516266344	2.9767798458755017	2.501032984899521	1.753747516694665	1.8073744734139443	2.0270669911072257	3.2546373860955238	1.9846133400433064
3.08032510014987	2.9488721486449245	2.474219168411732	1.8054724699139595	1.8349516694457533	2.0106458728179932	3.225921525430679	2.0092784098320005
3.043012394841671	2.9188584351956846	2.4490562934150697	1.8592242852926253	1.863603483280659	1.9950054413840772	3.195289540064335	2.0337919184200763
3.004797851499081	2.8860558000922207	2.425745202945709	1.9145306296825408	1.892757111361742	1.980488518463135	3.16305169044137	2.0583376948766707
2.9659305193982126	2.85112876586318	2.403407330947161	1.9712076740145683	1.9217384485812188	1.9669058970079423	3.1291452986717223	2.0834229314260484
2.9261361216566564	2.814426412177086	2.3814175608029364	2.028931370663643	1.9503495853455068	1.9535199139878752	3.0933940648555756	2.109461830162287
2.885598878469229	2.7763964801549914	2.3601608579626085	2.0878201329290866	1.9786626843423845	1.940363228397131	3.0555130539357664	2.136499468319893
2.8439383223316668	2.737072117698193	2.3389692775478363	2.1474006009578703	2.006934030673027	1.9275411508247853	3.016218905937672	2.1641420801215174
2.8012782445213795	2.6959753692269324	2.316797145055771	2.2074556022167204	2.035475351503611	1.9151564495429994	2.9763249667108056	2.1919750723474025
2.757043690290213	2.654480943721533	2.293946605073452	2.267710077571869	2.064450528493643	1.903762176261902	2.9356502428472044	2.219682904356003
2.710828573401928	2.612746562612057	2.271143000172615	2.3280094345986844	2.093611783525467	1.8940014393792155	2.8940459110260006	2.2470121267073155
2.6630740836224556	2.5711783121347427	2.248055340247393	2.3879165903508666	2.1226223573894503	1.8853567796216013	2.851537003290653	2.2741965347759727
2.6141806847563984	2.5300650386035444	2.2232234553565977	2.4472385243058206	2.150956186047316	1.8776365454063417	2.808100541007519	2.301852444850683
2.5644863582811355	2.4892243796706204	2.1959959256818298	2.5058630811750886	2.1786179630072118	1.87054934810257	2.764317541372776	2.3300199473135472
2.514088836725712	2.448357515317202	2.167063772516489	2.5635954803705214	2.2058798139603137	1.8641774218842984	2.7204783174216747	2.357865259998322
2.4632720284423826	2.4073412409543993	2.1374198683967593	2.6203913291275502	2.2330682310671808	1.8589256796107292	2.6759389785051346	2.3842283041410446
2.412590354081154	2.365556013506651	2.107471472935915	2.6760169298529624	2.2601547599346636	1.8548558213577273	2.6306533717930316	2.4088511323564052
2.362020883899093	2.3231856620430946	2.0769891909232143	2.7302412250518797	2.286597007027388	1.8516746006474496	2.584814028900862	2.432596274548054
2.311204857867122	2.280509792533517	2.046516882615328	2.782757474410534	2.3123667135150434	1.8493811374471187	2.539172155585885	2.455879203968525
2.2610647214538453	2.2370424313217403	2.0165749407281877	2.8332179672002793	2.3373112426013947	1.8478997489378455	2.493634126138687	2.4785378968052862
2.211668383855283	2.192924872559309	1.9869990924766066	2.8814069976091385	2.3614373412044047	1.847069486902714	2.4474559706270695	2.5004849364690784
2.1626487491763235	2.147497776132822	1.9579513616731168	2.9270300480008125	2.3844465804309847	1.8478842016921044	2.4009657457143065	2.5209581167929174
2.1142826855069994	2.100572472792864	1.9305968139340879	2.970165930199623	2.4064001714499	1.8506051652596	2.355096188363433	2.53960112228322
2.0670095003209115	2.0533664878875015	1.9062933398356439	3.0103478357076643	2.4272679975838662	1.8545847712621693	2.30978662520349	2.557202364527464
2.0208053960650263	2.005250842434168	1.8843746567835808	3.0469601327061655	2.4472451327652935	1.8594321873650554	2.264757474710047	2.574497159802198
1.9761811950988173	1.9568023001372814	1.863316254662514	3.0796817070126536	2.466465928664923	1.8651295195684434	2.2193882404386995	2.5918799583547116
1.9321376446484626	1.9080747385591268	1.8425954917838574	3.1085127541899684	2.485272522470474	1.8713156610891821	2.1740530096560717	2.6087734586827755
1.8882523381476328	1.8587292961895465	1.8229799522926808	3.132977665412426	2.5039239371628765	1.8780344180033208	2.1296873305410147	2.6248198785715102
1.8445413377223574	1.8093969565302135	1.8053020494153502	3.1531089041113853	2.52233226724577	1.8862664401695728	2.0870509647250173	2.6396230077080727
1.802102265782565	1.760137806263566	1.7898660789301397	3.1693552870035173	2.540374503693104	1.8962728039786816	2.0452730708837508	2.6530476143889428
1.7613323272614776	1.7112209643021226	1.7768203752508165	3.182466602015495	2.557975550374508	1.9076501610741619	2.0046053139463065	2.6656569195919038
1.7228553385882674	1.6628916786693038	1.7655265234878064	3.192567031550407	2.57514420761776	1.9196769823596478	1.966004161204025	2.6783632239632604
1.6875485946609676	1.6161587236046793	1.7555197685530186	3.1988608304142954	2.5916368041248323	1.9314156418011188	1.9285135853819548	2.6905377929739953
1.6551259748227	1.5707748465657234	1.7471223980059625	3.2021214496374126	2.60734030457449	1.9434976118073464	1.892495758164022	2.701021134548664
1.6262848317137957	1.526861198731512	1.7410307133367062	3.20304098610878	2.6220718577117923	1.956283216910124	1.857522725416161	2.7100234787397386
1.6004972556716799	1.484676966561284	1.7376047457327843	3.201714874494076	2.63553714146328	1.969663333045006	1.824173476897925	2.7180972905688288
1.5774568241721987	1.4440532922379672	1.7370962823500635	3.198216059732437	2.647367911002159	1.9841695977911953	1.792392070942372	2.724963697426796
1.5573970881364345	1.4054918509747834	1.7398409090211393	3.1929045730113987	2.6572385542006494	1.9993725551531316	1.763145098273456	2.7302871134810447
1.5410332453138231	1.3692514961630107	1.7451008649339677	3.184935778427124	2.6648700028867722	2.014055902050495	1.7352752913430332	2.7341616044573787
1.5276125987804532	1.3356816680401564	1.7513652315905095	3.174266261029244	2.6698803228349686	2.0287620320186615	1.7091788971319795	2.7359238212041856
1.5156474286801218	1.305193800263852	1.758476483123541	3.1608154489278792	2.6722581714005473	2.043985816823006	1.6854638716176151	2.734999004536152
1.5064207005760668	1.2778026700511576	1.7680364747514725	3.1449961752772335	2.6725980596156123	2.059948535816431	1.6642633686482906	2.7313566466503145
1.4996752004436253	1.253825028088689	1.7811805465390682	3.1271297498226165	2.6715068189711575	2.076833724723816	1.6452161347687244	2.7259647836022376
1.495805769655764	1.2332669246017933	1.7973631759455206	3.1069989022493365	2.668918544790268	2.094295432882071	1.6289816078737376	2.7193944588832855
1.4943736874274016	1.2162576755180956	1.815668151067734	3.08460852162838	2.664312257668495	2.1120592856273652	1.6152525342971085	2.7112189543776513
1.4963286313525437	1.2028752126291393	1.8357423831989765	3.06000925873518	2.6577131852121356	2.129728779302597	1.6038174372732639	2.7009906267457007
1.5016783261633515	1.1927246945619583	1.8571362733712198	3.0338687651038168	2.649067352077484	2.1472536542580127	1.5947815296098589	2.6886558917694092
1.5096702949441074	1.185615789783001	1.8799247221519948	3.0065732773423193	2.6386117804260256	2.1643806566164496	1.587840955545008	2.6744496204190256
1.520275814402759	1.1816165052697063	1.9048875363638402	2.9788506803393364	2.6267405293793678	2.1814952407345776	1.5822821551680564	2.6584463221364025
1.533051641363561	1.1803637541651726	1.9322813922336102	2.9505456972002984	2.613819301447392	2.199154076235056	1.5789865546420216	2.64071346610117
1.5485578189081548	1.1811778578206897	1.9613947343697549	2.9212128357768057	2.5997391681284907	2.217049836115599	1.57822395734936	2.621088441812277
1.5667760130203365	1.1850308613300324	1.9909699959328175	2.8909203474998475	2.5842744499058723	2.235201881097317	1.5796546706378458	2.599604983859539
1.5875590382180214	1.1918043269485237	2.0196137916913033	2.8595407253980634	2.5672569627375603	2.2533067954347135	1.5832096119344232	2.576620483332157
1.6109357889107465	1.2018367006152868	2.046155482487917	2.8274079908013343	2.5485832538814543	2.2707110081181527	1.5902208330750465	2.5523141735725403
1.6370558951160907	1.2148894690021872	2.0713823065330983	2.7941429473638535	2.5287486840100293	2.287437399999857	1.5993185874864457	2.5267437456183437
1.665559753440231	1.2298179783642293	2.097412698285818	2.759821864593029	2.5077033845992087	2.30421600715971	1.6102783201381563	2.4997357352309226
1.6961988279595077	1.2471720780700446	2.1247527743747234	2.7243334672331807	2.4857131255478864	2.3213644236490727	1.624779158015549	2.4715352804296016
1.728671817451626	1.267341060397029	2.1520949038734436	2.688105255651474	2.4631697170050146	2.3390725409851076	1.6421620787948368	2.442228917770863
1.762792900551021	1.289038317424059	2.178522679316044	2.6515858510017396	2.440133001199484	2.356790729807377	1.6615819821104405	2.411883627527237
1.7983304575196504	1.3128370071657003	2.2044618410041332	2.614648724126816	2.4163583290190696	2.373982463465691	1.6835949875645337	2.380853085093975
1.8360892049967348	1.3384217234298588	2.230304296868086	2.5772617049396036	2.391822232923031	2.389748446242571	1.707809883919358	2.349737961732626
1.8755951047706454	1.3656566233791412	2.2565397362580297	2.53885374994874	2.366466826310873	2.4044984800682068	1.7344508839704096	2.3189669311873913
1.9168635268582999	1.3943294968873263	2.284542183684349	2.4999568878591063	2.3399851733059887	2.4187827809915543	1.7634820652686058	2.2882369688384534
1.959550329552874	1.4239447388283908	2.314913679348469	2.460431584584713	2.3127639994235043	2.4327404919729236	1.7946669862296432	2.2574898947410587
2.003384144969195	1.4556194102529436	2.3464706769456862	2.420471056210995	2.2850600786716937	2.4461531693205836	1.8279814092840998	2.226687769704342
2.047847996629685	1.4894191683286802	2.3777909457256796	2.380553258317709	2.257243220380068	2.4584794950947764	1.863514152045641	2.196425691448927
2.093120317291379	1.5257105008725078	2.409328973727465	2.340960192519426	2.229569416305542	2.469917770014763	1.901374165933393	2.166852581077099
2.1392047248668074	1.564936929126084	2.4415722013285164	2.3013124669075014	2.201900599083424	2.480682526515484	1.9418314330864697	2.1377918453447817
2.186264306541443	1.6056230811931194	2.474670723008156	2.260933434057236	2.174363102308035	2.490289942131996	1.984593166905269	2.1091116748981475
2.2346035536563993	1.6487075303651393	2.5090727687945367	2.2196729994893074	2.1470454181642533	2.4989461400971416	2.0292089281126855	2.080659921848059
2.2840658203772306	1.6932418213158846	2.5441860766282085	2.1783887062549594	2.1198510363907817	2.5063763546214104	2.075808423762023	2.0526284333400726
2.3349359195343258	1.7389972921952606	2.5782014946808816	2.1375887243926526	2.0926762109012604	2.5120431790218354	2.1244955282777545	2.0248108905785083
2.3872852560094593	1.7859862267941238	2.610060050176621	2.097444073605537	2.065239917895317	2.5161361136898996	2.1751871518984434	1.9972403436832429
2.4410549164972304	1.8335992268592118	2.64070200924778	2.058302171278	2.0374695057780743	2.519252211974621	2.2271118481129406	1.9696332265369891
2.495914546471	1.8822747442767025	2.6710060357322694	2.020507599133253	2.009774385354042	2.5216245847806933	2.280318483185768	1.9419603024952412
2.552776593249202	1.9315030200600625	2.7009922726025586	1.983783733534813	1.9827483831853867	2.5234642444119455	2.335070895832777	1.9144044228129387
2.6106586957982776	1.981281242993474	2.729934986161232	1.9481343879580497	1.9565905822427274	2.5243874965772632	2.3915206472545862	1.8870976901881695
2.669795725088477	2.031870807257295	2.756829178976059	1.9133537325143815	1.9314062931151392	2.5241952583060265	2.4494908508628606	1.8601908835701941
2.7304560422263147	2.083850285512209	2.780918609546662	1.8793870096087457	1.9066288724751475	2.522810086713791	2.5082767470747234	1.8335061385564804
2.7913988009951116	2.1367197702497247	2.8020108440389633	1.8469925141513346	1.882112919351578	2.519723322854996	2.5677098585039375	1.8069154103778602
2.8516997225246428	2.19015369823277	2.8211924295892716	1.8165925640940666	1.8581522669107915	2.515658158110142	2.627593448933959	1.780366679319024
2.912021569278002	2.24477444819808	2.839442158209324	1.787728906813264	1.834680228224516	2.5112926088438035	2.68719493996799	1.7539132362537384
2.971502104695797	2.2995572708666323	2.8567011654844285	1.7599291602700948	1.8121299749822617	2.5068547013268474	2.746661248189211	1.727854879014969
3.029108170296907	2.354021717232466	2.8722366774549486	1.7332992217421532	1.7909697824032307	2.501942162798405	2.8066094721376897	1.7028753930710554
3.085019390549421	2.4087074429512025	2.8851694435944557	1.7076940813839436	1.7708920301408768	2.4957756753430367	2.8667184487402437	1.6793248847954274
3.139234103169203	2.463479509663582	2.8952413209547996	1.683286714527011	1.7516417042524814	2.4879072044954302	2.926701385092735	1.6567712092034816
3.1916123829445837	2.517863286358118	2.903277389155865	1.6598758870095014	1.7328650315613747	2.478685829924107	2.9862577988922596	1.6350604583405257
3.2422551403007507	2.5715573129177094	2.9108310038318637	1.6376797002881767	1.7144240424842836	2.468017094777584	3.0447304034352305	1.6144259386740925
3.2905171156487465	2.624236759465933	2.917993883954525	1.6175531062066555	1.6964606178612711	2.4565999406442645	3.1011158635735514	1.595347756975174
3.335962692763567	2.676446072947979	2.923714488135815	1.5989574269235134	1.6789301693649294	2.4444965565071106	3.1559848316729067	1.5779437398545744
3.3788898116312027	2.7275506519496444	2.927533439265728	1.5812056990742684	1.6614133124859336	2.4319948108658793	3.2085135970532894	1.5617997829996346
3.418455987539053	2.777037730705738	2.929342199968338	1.5646874838352203	1.6442922747941018	2.4186138146982197	3.2592287126600743	1.546992009245634
3.4548397693595887	2.8252749673545363	2.9293484579792026	1.5497874044209718	1.6276200538189411	2.404300961600304	3.3084792581617832	1.5338929658018352
3.4886071159503462	2.872392606747151	2.9282867473235132	1.5366569731414317	1.6111463291258814	2.3888674356505875	3.3555369575440883	1.5224816296629906
3.519028969045639	2.9178419973373417	2.9271712568869592	1.5251418909162284	1.5951640538485052	2.372571184234381	3.3992207090377806	1.5125268455528023
3.5462024255952835	2.9611983766376975	2.9259364731183055	1.5150070912122726	1.5798734354437591	2.355810764418602	3.440053056550026	1.5042968279056548
3.57044126617527	3.0019171021401885	2.9238590090742114	1.506283864083886	1.5654465203197003	2.339161033169985	3.477759527635574	1.4982295885913373
3.5917012935838697	3.039929629069567	2.9199289782514573	1.4993975587069988	1.551916358596206	2.3231717176303865	3.5132570186674594	1.494103310459137
3.609841115888119	3.0753041110754014	2.9141467717757226	1.4939053230315447	1.539595606362939	2.3075297216937543	3.546445890378952	1.4917760637782813
3.624758062597275	3.1073069919466976	2.9076186886301043	1.4898121439099312	1.5285655688704254	2.2922796336874964	3.5768911132335663	1.491015715458274
3.636771878953934	3.136072134447098	2.9000928438773155	1.48702195109725	1.5191055587441924	2.277003535823584	3.6045571925759314	1.4920360645734072
3.645603692348957	3.162402910721302	2.8909592770209316	1.4856028982430696	1.5108803323866131	2.261627212004423	3.629252672386169	1.4952788386874198
3.650832064863205	3.18662923527956	2.8802659009566307	1.485740330028534	1.5039101305515767	2.2462463902399543	3.650793136906624	1.5007617362372876
3.6531494845113754	3.207954385113716	2.8677285628786087	1.4873279580503702	1.4984263040782215	2.230976452605486	3.669457849872112	1.5081733234010937
3.652904835399151	3.2265181876540185	2.852499497877598	1.4905831992954015	1.4945961080850365	2.215443776296139	3.6848179419755933	1.5173594477705956
3.6497963640651703	3.242441109609604	2.8350249803533556	1.495736231225729	1.492196845388532	2.199833461539507	3.697388134610653	1.5284411138527394
3.644548630829811	3.25539010746479	2.816694679843426	1.5030617707401515	1.4913594453097583	2.1839787910149098	3.7062473268032075	1.5413787201725244
3.637158115561962	3.265787792515755	2.7975762610902786	1.5125929657399655	1.4922509674043658	2.167455002234936	3.7105174414038657	1.5562224774889946
3.627837395068169	3.273002105665207	2.7773454809060096	1.52418319298625	1.4947454692037105	2.1508005774781704	3.710612289381027	1.5729123480104208
3.6170143608412744	3.2773334314346316	2.7560117263069155	1.5377349155128002	1.4991724252016545	2.133816335992575	3.7074267662882807	1.5917710104219913
3.603871755774975	3.278342535686493	2.7339236858358387	1.5540130284756422	1.505418311169863	2.1168125382230283	3.700928604257107	1.6130613989614249
3.5884046907982827	3.2768222301721575	2.7110651277770996	1.5731262648135425	1.5138246287168267	2.0999089664087296	3.6924832230329514	1.6364602482550143
3.5711658264956476	3.2732633776187896	2.6876312238445283	1.5951087013512848	1.5241554801673889	2.08310532720542	3.682214413893223	1.6616660004042387
3.5524074389300346	3.2673454505324364	2.6646144554486275	1.6200030685693025	1.5361282772184612	2.0665660889611246	3.669454329741001	1.688919393264532
3.5321240523419384	3.259719086480141	2.6423566664328577	1.6476140969723463	1.5495821694345475	2.0506673190162186	3.6547161274671556	1.7183306753866674
3.510057914908886	3.249764742386341	2.6202967870106697	1.6777171337485313	1.5648986021341087	2.035653470920086	3.6383473222374914	1.7495172280751468
3.4859673109612466	3.237849685263634	2.5979087531437877	1.7100444044798613	1.582009372776866	2.021413171635628	3.6207224168896674	1.7818150177084209
3.460153505053282	3.2240627006411553	2.5757591103782653	1.7442432115852833	1.6012290930808784	2.0079864137635233	3.6024116726636883	1.8145777091019153
3.432397369023323	3.207704064679146	2.5543866343369483	1.7803861088782549	1.6231871331543923	1.995603765891552	3.5829525834441185	1.8478384501569272
3.4031253276429174	3.1893272202134133	2.533728744911194	1.818792841601372	1.6475310398699046	1.983922406362057	3.5617756702423096	1.8818896562092304
3.372562571521759	3.169504775238037	2.5141521224250796	1.8592136271178723	1.6738681719363928	1.9726949481830598	3.5389378418445587	1.916239388936043
3.3409356602094173	3.1480753904104235	2.495562114464283	1.9013940870642663	1.7016215211958885	1.9619430988297464	3.5147796709358694	1.9500868185095788
3.308331912513733	3.124534709167481	2.4774242477884294	1.9452650899767876	1.7305148551375868	1.9517925074265006	3.489177464020252	1.9832139901452064
3.2751708107254505	3.099048373234272	2.4594307064881327	1.9908936161279678	1.7602288685352803	1.942365302966595	3.4620938685953617	2.015604281001568
3.241225599732161	3.0719329988479616	2.441729238288641	2.038126148688793	1.790795633694649	1.9336536629364494	3.4335737663328647	2.0470856935613155
3.2062671776673795	3.04317626554966	2.424491547363043	2.0870725939750674	1.8219090947718621	1.9255137508676055	3.403333493334055	2.0778931965761185
3.1701099553964136	3.013156587433815	2.4077373855581286	2.137545211660862	1.8538384440155031	1.9180456949338915	3.3721388736784457	2.1086149452857974
3.1324813183209894	2.9815232225477697	2.391552116053343	2.1897274396896362	1.8863653355152608	1.911004454897404	3.3401400996267796	2.139129104041338
3.0932091711423397	2.9489669966220857	2.3754358802309037	2.2433466634631154	1.9189371086866858	1.9046106256411077	3.3073775549054147	2.1687275398008823
3.0525799156389235	2.915936041903496	2.3589047578444484	2.2978128698945044	1.9514740716726782	1.899601576851368	3.273435766261816	2.1972085294954775
3.010730543579817	2.8821360363185407	2.3417059839239123	2.3526107509016994	1.9842745555849077	1.8962048458919525	3.238581383627653	2.2247910057239535
2.9675849810204507	2.8482843043625357	2.324142778651953	2.4077370796978474	2.0173254577131274	1.8937331271634101	3.202645147365332	2.2516756159596443
2.92338768151021	2.813862115603685	2.3069533917477134	2.4630832211256024	2.050662468275547	1.8921330320105554	3.165409298253059	2.277988204889774
2.8778013969323633	2.7785197059035305	2.2900064049830435	2.518352604138851	2.0842351320595744	1.891559641765118	3.126563380283117	2.304000311517
2.8310872036776544	2.7424580160796643	2.2727312637736796	2.5732448442161084	2.1178192362697126	1.8919797107443812	3.08570805413723	2.3300477172367575
2.783460220869541	2.705707553935051	2.2548801900019644	2.6272181345105174	2.1514121408076288	1.8939397393033506	3.0431590560197828	2.3558736480407716
2.734875957962036	2.6680055807948113	2.236883030789137	2.679862477529049	2.184594656726837	1.8974375762507916	2.9991552659392355	2.381094311856508
2.6847574067971705	2.6295170539140704	2.2190463308861257	2.730949162530899	2.2174959532828336	1.9029709290132524	2.9537907496213913	2.405996599369526
2.633473643343806	2.5904199354767803	2.20162070407176	2.780069463181496	2.250423455259323	1.910505476312399	2.907588246536255	2.430731876217604
2.5812606141678094	2.5504198056280614	2.184844345884562	2.8271598215579985	2.283362202099085	1.9194779971704485	2.860697851163149	2.4547432772152424
2.527687005426645	2.5092405296385287	2.1686870418658257	2.8720469689846038	2.316091403356314	1.9294542443022729	2.8127712660849093	2.4776202181808946
2.4731682414821385	2.465858238261938	2.1535100943615437	2.914453597354889	2.34830099414897	1.9406298783288003	2.7641909144341943	2.499456080370426
2.4181137820295096	2.4201163834452633	2.1394086446931366	2.9541512892723083	2.3796813007206916	1.9530618080363276	2.71559061537385	2.52077027868557
2.3624057026765346	2.372688972514868	2.1260754636397365	2.9912288302659986	2.4098134274692535	1.9667291082010272	2.667130339306593	2.541926071100712
2.306468228112817	2.324074690711498	2.113412280874491	3.0255266410589217	2.438724948755026	1.9818145322964194	2.6186467423707245	2.5629632546536922
2.2502562566584943	2.2740950869441034	2.101750673191786	3.057180833387375	2.4664457856924535	1.9978742504582407	2.570222107630968	2.5836916444830895
2.1941124877444507	2.2227104619562628	2.0910083086361886	3.0864826003193855	2.4933244312615397	2.0145727746353153	2.5217223767608403	2.603890352361679
2.1381685107163193	2.170282215875387	2.0803978512158396	3.113279989528656	2.5195372831435208	2.0312537959382535	2.473468419489264	2.623430991285324
2.0825150422862766	2.117042286229134	2.069569243448019	3.1373897586345674	2.5451266806931496	2.0478794729576113	2.4248167851835487	2.642499345951557
2.0268757154940666	2.063387861144543	2.05904219357872	3.158854540336132	2.569955925485611	2.065158525423765	2.376104966413975	2.6613684220843314
1.9721704212687015	2.0092223814696073	2.0494578543772697	3.1778037972331044	2.5938325836868286	2.083170938538075	2.327334527683258	2.680029614918709
1.9189052151254415	1.9550915164172649	2.0405568117370607	3.194193527686596	2.6168820110769273	2.1017576219305996	2.278325282280147	2.6981889935069088
1.8671056814199816	1.9008950889229774	2.031861110078335	3.2076678073287015	2.6394761681766514	2.1210597719714643	2.2285624843657015	2.715460321240902
1.8167745175444558	1.8464413985133172	2.023724424796343	3.2183240264534954	2.6615380032272338	2.1407066015169622	2.178330702316761	2.731606575959206
1.7678937844279259	1.7918139994114637	2.0165642825534347	3.2265740404009824	2.6825512303323746	2.160157966004372	2.1285397677987814	2.7467783410482407
1.7210477757080496	1.7372238794758916	2.0106112519373895	3.232434667575359	2.7021783080310824	2.1796601768300534	2.0791416945800183	2.761226132505417
1.6761292404457033	1.6831187553822995	2.006288726495743	3.2359473672986034	2.7201127893538475	2.199542757378578	2.0308025208011267	2.7748179454140667
1.6332357706091403	1.6298381364427508	2.0040805286934376	3.2369850237250333	2.7362168024988174	2.2201343510017395	1.9839349573895335	2.787258088760853
1.592222185235381	1.578854751399532	2.0041556248238086	3.2357220789074894	2.750583826503277	2.2410560546979905	1.9387803227778524	2.7982856817178727
1.5536671669892073	1.5308945967376233	2.006472555564881	3.2320404128909113	2.7636167208166125	2.26160462449646	1.8945467074010987	2.807485153251171
1.5182399563527702	1.4850403009274045	2.0111221598556046	3.22617743896246	2.7754578551859854	2.281947168843508	1.8518861949218437	2.8147714335255625
1.4857154849431513	1.4398844150191172	2.018104144351721	3.2179999788284306	2.7858870258541106	2.3021227025256157	1.8108425203718244	2.8204822595648764
1.4561721245682835	1.3958988214496524	2.0276085961332324	3.207605031657219	2.794353918990612	2.3218081557319166	1.7709610116079448	2.824596119456768
1.4292846542260647	1.3559074858173727	2.0400491306056976	3.195456472504139	2.800934608540058	2.3412053493127827	1.7314644316256045	2.826468242519379
1.4049191378167867	1.3191935205876828	2.055453028785229	3.1816567762970926	2.8057088841409685	2.360531162457228	1.6924931700982153	2.8256740618281366
1.3826883853635787	1.285450912696123	2.0732274419238568	3.166374713766575	2.8086935641975406	2.3793854735956192	1.6546975345805286	2.8224298698835373
1.3634640693328381	1.2540923624902964	2.092773947732687	3.1496607401251797	2.8098307621092795	2.3977651537225246	1.6185624598011374	2.816896419339657
1.346761047210455	1.2254159321829676	2.1141259874572755	3.1317336901903152	2.8089352798671725	2.415880237327576	1.5845172917515038	2.8092151021294596
1.3327449607214927	1.2007572181865573	2.13753476156497	3.112744929599762	2.8060106376023297	2.4339561105833054	1.552387197253108	2.799305933051586
1.3215366188100575	1.1781440670460464	2.1630128838589195	3.0926369628787045	2.800924439272404	2.4523877126441005	1.522811691236496	2.7872488973073963
1.3125161850563287	1.1580861888572573	2.1903749607672696	3.0713168976783756	2.793997994622708	2.471094862745762	1.4962477062761783	2.772928612821579
1.305726292159319	1.139924341288209	2.2192773883810046	3.0487880585670473	2.7855131097049712	2.490227948711872	1.4727641293823717	2.7564137221508025
1.3012103061786888	1.1230432592004538	2.249361504452467	3.025212958264351	2.77570269986105	2.509792446301937	1.4519523320019243	2.738346258097172
1.2989919391087295	1.108980922099948	2.2801159121563437	3.0003796066522597	2.7644269376606943	2.529260335849285	1.4338081095337867	2.7190487037830353
1.2994375290385483	1.0947723528862	2.3112514718344213	2.9742205345511437	2.7514368716092115	2.5487125803694726	1.4186036854505537	2.698146360807896
1.3022062099388836	1.0813709937378764	2.3428526666333678	2.9469006014347077	2.7367495156736377	2.5685610352025035	1.405993500214815	2.6755046819381714
1.3065986002049446	1.0694500941753389	2.374770673232317	2.918923381614685	2.7204536553831105	2.5885459928975108	1.3951831775724886	2.651514988415718
1.3122999414465428	1.060148538839817	2.406983490811825	2.8904703574061394	2.702845177313805	2.6078280977473263	1.3866942836165426	2.6263885858886242
1.318700810965061	1.053167189922929	2.4393513897230625	2.8614476586461066	2.684086789748192	2.626213155852318	1.3804523577958343	2.6002523946397305
1.3257891327551603	1.0472163593888282	2.4713765647580628	2.831972623038292	2.664470272442818	2.6435187070832256	1.3760368911147116	2.5731238197617534
1.3336540345809458	1.042095839780569	2.5027996995916366	2.8022648676514628	2.6440202663154606	2.6596723931894304	1.3727377949029207	2.5451683074169162
1.3425765891335009	1.0390983014672994	2.5336911968460085	2.7722127261042595	2.6226237360448836	2.6745142437682152	1.370439882647991	2.516163502656698
1.3522607142738103	1.0386229370951652	2.5639269718995097	2.741286809790134	2.600062629065037	2.688242363976002	1.3696849123060701	2.4858751211993697
1.3626112197897433	1.03986534781456	2.5933134175410273	2.709713971602917	2.5762430752129557	2.701172783361435	1.3701964558035133	2.454843112044811
1.3736498131564856	1.0427611934512853	2.621975498425007	2.677897266554832	2.551406790158272	2.7135100606546403	1.3718914478242397	2.4238824833266737
1.3854690933785438	1.0473191765516996	2.6498756664862633	2.645629984724522	2.525713939866543	2.72493542842722	1.3748306106299162	2.3932224346928597
1.3976030831000805	1.0531073476940394	2.6768864147534375	2.612241541135311	2.499353242477894	2.7354396952257156	1.3787168353766202	2.3626528338723185
1.4105200575402974	1.060787002620101	2.7017768707146645	2.5779193827688696	2.4723540324182514	2.7448867493138316	1.3838436618864534	2.3323000144593715
1.4247922824583052	1.0701364708513021	2.7246213482489585	2.542987263906002	2.4447091716439724	2.7532265266046525	1.390282666158676	2.302335582845688
1.4400260898581743	1.0805380671590568	2.74736765323782	2.5072935255646707	2.416392748078823	2.760876358197689	1.3988357536166904	2.2723734002046587
1.4560194388813377	1.0919715018987657	2.770089317308903	2.4704874257922174	2.3874873870224955	2.7679391101465227	1.4097809168368576	2.242210570090294
1.472931859914124	1.1049851821631194	2.7916201992502216	2.4327836925864217	2.3580649578185082	2.7740017537341117	1.422972461503744	2.2122613923780916
1.4916456591523288	1.120358230304718	2.8125550056567192	2.394693820554018	2.3283685450763705	2.7790719159111976	1.438034955856204	2.183171126657009
1.5121262464187144	1.1371322172924876	2.8334137381186486	2.3561505360782147	2.2982937182397842	2.7827770494685176	1.4545067738115787	2.154964022719145
1.534169527444899	1.1542297385528684	2.852977649020195	2.3170674003839493	2.2675825299234393	2.785168782995701	1.471844201785326	2.126941236757517
1.5574644350892901	1.1716864109680056	2.8714544260969164	2.277960406023264	2.2362075035483837	2.7860247615442275	1.4896915843084453	2.0986777129404546
1.582823435168624	1.1907458919703962	2.891565717386246	2.239411059099436	2.20422369005394	2.7848013204202653	1.5078769483089447	2.0705422827832702
1.6106416624001265	1.2112793300941587	2.914279363380909	2.2017442872703077	2.1719105487377646	2.7811646338567733	1.5265883763477204	2.0424138928883075
1.6404192092753052	1.2331766479060053	2.93636975060606	2.164904452908039	2.1398953474075793	2.774485576199055	1.5460475877940654	2.0137782129876616
1.6725966910942494	1.2558934229061007	2.9542101662030222	2.129007329213619	2.1086652330966	2.7664336674079895	1.5667838734731077	1.9852719956867695
1.7065155499949156	1.2787748007036746	2.9677957211008072	2.094118918645382	2.07820632084322	2.7586512442097666	1.5892953074917195	1.9574009664885998
1.7414732264763713	1.3019831229008734	2.9787881127467157	2.0600988070845605	2.0485733682425025	2.7496309082374575	1.6134203060537575	1.929882634871483
1.777566310247317	1.3251933885037899	2.9872614594569207	2.0268496042370794	2.0195329710454946	2.739957196818352	1.638967070904374	1.901992636077881
1.8143066367366387	1.3482905454494059	2.9940674373974803	1.9943938976109028	1.9912111695022585	2.7278076598510745	1.6664077640742063	1.8732012881569862
1.8509835611422583	1.3717827271081509	2.9994010227193835	1.962668422627449	1.9637953128130436	2.7126728561387066	1.6963733323968946	1.8440606650047302
1.887868653023526	1.3965984291739761	2.999628266738892	1.931511057692766	1.937152711591244	2.6971600294575695	1.7286956162758171	1.8157956744663717
1.9247487916647494	1.4228766112670304	2.99090714191103	1.9007955669939518	1.911534957429886	2.685499790714741	1.7626675704874097	1.7885509352617264
1.9613497093505263	1.4498297296099365	2.9748795938363077	1.8706056514263154	1.8869535885365012	2.679892221854687	1.7972383258908986	1.7616424174689054
1.9982723401299716	1.476875264094636	2.955303753601551	1.8409772945523262	1.8633801505179406	2.683896175430775	1.831196584592387	1.7348817451827525
2.035458418499589	1.5049948256833479	2.9324856770505905	1.8117433879256248	1.8407184264571668	2.6896529587373736	1.8643084289904683	1.7085537067883014
2.071745763394892	1.5338405797973276	2.907239101158619	1.783099592167139	1.8188773818523885	2.6861400634512904	1.8974842613968532	1.6830855581991673
2.107033097710371	1.5630440886251629	2.8822428457012177	1.7553158817768097	1.7979314283640386	2.675714608477116	1.930833513734676	1.6588180676631927
2.1418237268588545	1.5925882190287113	2.8572581284513476	1.728127415779233	1.7789970342428685	2.6634178126916885	1.9650147049061952	1.6358961472444533
2.1754552795029283	1.622415487755835	2.83077363978529	1.701587387266755	1.7627118321270943	2.652476462946892	2.000158337202668	1.6146095721803904
2.2081434125638606	1.6523187204234302	2.8083607694377903	1.6760924465686082	1.7496525368304254	2.643550192700386	2.0359132378220557	1.5945266375027896
2.240055454496205	1.682083763499558	2.7992440209856033	1.651586320477724	1.7398135748119357	2.6341266061530115	2.071910098564625	1.5746005931131841
2.270845821317196	1.7120312789276242	2.805197344945908	1.6282849592596293	1.732807731649399	2.6201872780785562	2.1089107344716784	1.5547912019573449
2.2999587234369514	1.7424161706462504	2.8178340289464	1.6071739507347345	1.7277779531986714	2.5994400164351465	2.1465589522764086	1.5361673127346038
2.3272428196630477	1.7728825142875313	2.8283768216242793	1.5882379921108485	1.723415630719185	2.575131164358616	2.184010091629624	1.5194120753340723
2.352366288747549	1.8027917971804739	2.8350513813366893	1.5698548407435418	1.718564596703768	2.5493158917293552	2.221128065240383	1.5037395715944766
2.3761703931353093	1.8308849857643248	2.839914442466736	1.5509623459607362	1.7132908536107543	2.520356164203644	2.2577604318752886	1.4887425907932519
2.398576663236976	1.8578966385096312	2.8430414922704697	1.53201049785614	1.7067174976677895	2.487800427185059	2.293307766985893	1.474939863362193
2.419316933508873	1.8843145624741913	2.843237837361336	1.5144424035131931	1.6975888198823932	2.455082373009682	2.3275688608556986	1.4632917495154143
2.4388542967549562	1.9101743989855051	2.8411318211426737	1.49896375143826	1.6838442723960878	2.4238846243486405	2.360303000074625	1.4547789968930482
2.4572437550238373	1.9353836223751308	2.8360951002111436	1.48452143574059	1.6648530183793309	2.389635508702755	2.3907377603173257	1.449926838391304
2.4744710322282315	1.9598061453521252	2.823024266706944	1.4721555573821068	1.642021496883154	2.3545600422785284	2.418902280446887	1.4492515110157729
2.4905430708489416	1.9830541668057442	2.797371115671635	1.4615252503335476	1.6162860627831224	2.3225285114512446	2.4454710566967726	1.4529084872238636
2.5058050392977	2.0054044570446017	2.7637399785985948	1.452472939836979	1.5910123525471689	2.2938529367313385	2.4700344338089226	1.4595289249204397
2.5198361352345944	2.026192493540049	2.7304147018065454	1.4435979559451342	1.5693618350387815	2.2635073531434537	2.492622919586301	1.46814728147614
2.532251637663603	2.0458247536540033	2.6977238308658604	1.430860263738036	1.552523287868619	2.2301001355216505	2.5129495744526387	1.4790872133903503
2.543278643932104	2.0650230109363794	2.660251252936363	1.414073345157504	1.53844628355515	2.196958883361578	2.5315206617087123	1.4930083052300214
2.552250920336604	2.083717840579152	2.6178839326968193	1.3943746670141817	1.525837858384967	2.1669618905351165	2.548399299260974	1.510484045022011
2.5589738329610823	2.1015445667773487	2.574100346373558	1.3742202785640956	1.5132107569636108	2.1418859432206157	2.5629582681924106	1.5316317215793132
2.5636392778418067	2.1177910474509	2.528627292679787	1.3550070607244968	1.5033647546828988	2.1216714925334457	2.5757038806945083	1.5551332902543544
2.5668250453881027	2.132361652371287	2.481601274477482	1.336313086669147	1.497601957818985	2.102889050738573	2.587618546691537	1.5789236563526392
2.5684279762021305	2.145273639959097	2.4373705337216856	1.317626788455248	1.4944707034142017	2.0801728624269966	2.5985583319336176	1.5997689927600622
2.568432914163828	2.156963555362821	2.397873684840441	1.2981092992827297	1.491733654803157	2.052056010739565	2.60817767688334	1.6143471268497707
2.5675202223918436	2.168206267443299	2.3601989927163123	1.2751772340416907	1.4881847759546043	2.020279787199259	2.6168177409142253	1.6249555797510147
2.5657758507541417	2.177834559392929	2.3218268257250787	1.247575763772428	1.483021379193783	1.9893775339887143	2.62358592633605	1.634917990811944
2.562908459510565	2.185312295687199	2.28476835210824	1.2191744170442222	1.4751854695589544	1.9598940891788006	2.626857985985279	1.6452083607547283
2.5591113136372567	2.1917758919864894	2.252686463849783	1.1940210757359861	1.4653290046663285	1.9308996492490769	2.626991604295373	1.6562258333348034
2.553795280080199	2.19740067037642	2.2272391427030565	1.1726102571554482	1.4546298106075528	1.9042827645406724	2.624653943893313	1.6664526942454576
2.5476950395367144	2.2023240137517455	2.2063250659575466	1.1538241241119802	1.444264833441496	1.8777518297002316	2.620152087327838	1.6728102954857351
2.5401413270792963	2.2053179341524842	2.186250442700625	1.1364453834883868	1.4339212215156556	1.8491253412530422	2.6137484310388563	1.675496399977088
2.531481022294521	2.207184728127718	2.1648067817857264	1.1220601843625306	1.4243223617733718	1.8206982291207314	2.6063617292463777	1.676978864081979
2.5221469546369315	2.208300120782852	2.140719502406359	1.1121315934501588	1.4168504923642875	1.794923242436409	2.598013102737069	1.679282496549964
2.5118785855135917	2.208361429733038	2.115275114702225	1.1069196726597845	1.4133315346301796	1.7714958898589614	2.588718881008029	1.6813168389879465
2.500868886556387	2.2066505482316017	2.0922777070274354	1.1068818312503397	1.4135910465182069	1.747937901304722	2.5797420088768006	1.6808978944950104
2.489600946869612	2.2029725490182637	2.073964420484543	1.111329871366918	1.4163495581508876	1.722855207072258	2.57175189794302	1.6784947694324255
2.4778908396027086	2.19856158028245	2.058618115561247	1.1182058974720537	1.4192163138152363	1.695911830203295	2.5641173691421746	1.6756447832815646
2.465762227859259	2.1936987147152425	2.041469112383366	1.127516216467321	1.4209128214479687	1.6661711224780085	2.5569260835170744	1.6702609872006178
2.453350001107812	2.1875779889643194	2.019819523798466	1.138669495216757	1.4207414106191398	1.6345132144556047	2.5503087748259308	1.6621431737326384
2.441310223784208	2.180678629767895	1.9943699536790849	1.1507418337531388	1.4186589108319283	1.602062592463255	2.545084655803442	1.6566415999315978
2.4292084041497706	2.172700937074423	1.9658030141165257	1.1645660730965435	1.416198388075948	1.5681533161417247	2.54253715647459	1.656214539580822
2.4170858548543452	2.1653375072598458	1.933364810364485	1.1786331770412624	1.4149488882036212	1.5330486130729915	2.543469404530525	1.6592523638390304
2.4054019530079365	2.1586386488646268	1.8967486998906136	1.1918806649029254	1.4147772818119528	1.4960726180837156	2.54778850762248	1.6634449377738236
2.3955934499016998	2.1524783705294133	1.8568544673194887	1.2019671850308775	1.4133442462147476	1.4578147575721743	2.5541871770590543	1.6676664550088645
2.3880090829691887	2.1473434281617405	1.811019426809788	1.2073545501336456	1.410050039073944	1.419659763114214	2.5570680621385575	1.6721159496240616
2.3841260361186265	2.142505203512311	1.7574335465004445	1.2094285673826932	1.4048336447836163	1.3809059552416802	2.5514389813661573	1.6769783262841702
2.384867219280362	2.139194569092989	1.7000744767656326	1.2107724752157927	1.3991503442139628	1.3421944378331903	2.537213495966792	1.6825190615438224
2.390923115949988	2.1378460166424516	1.6434139086028339	1.2114996756345033	1.3933584084869626	1.3040804626808167	2.5172115731954574	1.6915270770572424
2.4034667609295846	2.137791210156679	1.5882157104631665	1.2110333315983415	1.388147343284011	1.2652614346013071	2.489698521775007	1.7060746055625677
2.4230646997652054	2.1414257455289363	1.533359356166959	1.210197887147963	1.3841617726148367	1.2252033203706743	2.4546251087605953	1.7237931855105162
2.445068941559553	2.1504695001512766	1.479375749932766	1.2102434532895683	1.3814798727245332	1.1859800639019014	2.4146500598460436	1.74205024773705
2.4676203681788444	2.1667600313544275	1.4277857839634418	1.212973828318715	1.3781209342838527	1.1495980421469212	2.3724027662992477	1.7604445461862088
2.4913100194147826	2.1907355465710165	1.3790469775220155	1.2200452339231966	1.3720392722101211	1.1167211909458639	2.3283366405636072	1.779698881112814
2.511626113887787	2.21858120149076	1.3329899242987633	1.2340383662238716	1.363726629263282	1.087138815784514	2.285334401120245	1.800065528579831
2.519723002131939	2.2504408325821164	1.2898390326520206	1.2553503644570707	1.3558528293282988	1.0598544995502235	2.2468466076001525	1.8199879550569058
2.5144257914981845	2.2888175464093687	1.2502886484434605	1.281618756185472	1.351058459645629	1.0346244976089003	2.213949002292752	1.83605451791811
2.497624743502498	2.327777575296164	1.2133342142572403	1.309670509892702	1.3492626549811364	1.0111875135616066	2.187765998189151	1.8476109127931595
2.4723139252177475	2.361998921018839	1.1764884396737219	1.337904332603514	1.3497329347194436	0.9887604404628874	2.1670278791084883	1.8570381172530652
2.442984730597496	2.388724147540331	1.1382635070552827	1.3663510743558407	1.352171994453788	0.9669214981586338	2.1523878493800757	1.8652132306330205
2.4083747526220085	2.4068061810255053	1.099544240469277	1.3952187895655632	1.3562420971603395	0.9459773047358395	2.1417651203915478	1.8711237263314724
2.3771522163710594	2.41837245182395	1.0623911144381166	1.4247103013426066	1.361175658694029	0.9257876538612546	2.1329546966820954	1.8742238862447738
2.3514184934458733	2.419896668595076	1.0274688103852572	1.4535528867274523	1.3658774293721916	0.9055200100817383	2.1227080350339413	1.8750728245310784
2.3300301279238465	2.4116206447899344	0.993500962993294	1.4792967789202929	1.3702865402610303	0.8860639031954707	2.1085521211147307	1.872918308728218
2.3109008554331063	2.3972338689386845	0.9591766412129403	1.5003569411069155	1.3740318130911588	0.8679435271710755	2.0867186790153385	1.8659596939914227
2.2945555177441834	2.378956272614002	0.9253104864975215	1.5151719995766877	1.3758308445425036	0.8506450712044389	2.0574843934856353	1.8551221881144047
2.276200234081507	2.3588100733578203	0.8927441279722155	1.5247266621172428	1.3746957000405788	0.8340035047043712	2.025255515307933	1.8422097605102064
2.254738605830729	2.3350893765211107	0.8604749546825663	1.5310442218661309	1.3703588985116482	0.8178736039285214	1.991656181641668	1.8266745418839454
2.2294080112538337	2.3091214670956135	0.8285705309159133	1.5351575928509236	1.3633094937266113	0.8020548680756838	1.958367395653203	1.8071035907201767
2.2035381032562853	2.287521404799819	0.7984705280374512	1.537187584015727	1.3531222831816674	0.7856703658724801	1.9275159337788819	1.7842869808905126
2.177759449768722	2.2674581241875886	0.7703932075446248	1.5376408986777066	1.3397985869259836	0.7678788386936432	1.9003408546688034	1.7618308911554814
2.1509732809773685	2.24813363109231	0.7421416802854985	1.5369674780398608	1.3235833963067534	0.7482210446425379	1.8765164743869565	1.7424731523774861
2.125068660575807	2.229457966607809	0.7115744689984024	1.5353640094280243	1.3055363196791412	0.7279308408560828	1.8557430271849036	1.7259838315479756
2.1007094021773933	2.211105225262046	0.679068734953344	1.5333725930333137	1.286087986415744	0.7071959424509333	1.837306212152168	1.7110140828721523
2.077826569881201	2.191905305695534	0.6458987472785414	1.5308153644531965	1.2666543937013746	0.6861309309170247	1.8187993367321789	1.696100020714879
2.0546913270725904	2.1693856091469526	0.6134622180333138	1.5275219395637512	1.2490942685441375	0.6652824960608632	1.7993320399846882	1.6810257925920487
2.031480034764767	2.1432882371217015	0.582389874043107	1.5224698180586098	1.2346361611471774	0.6444748360567392	1.781422743488848	1.6658954379342794
2.0092688630408646	2.115097902697325	0.5524686373715997	1.5153194539576769	1.2243373820022942	0.6243085916095079	1.7666621981605886	1.6502884966366291
1.989895332563579	2.0860909467458724	0.5239280987923742	1.5055800334244966	1.2164772714660765	0.6053493487850429	1.75344072015658	1.6332576134138108
1.975886726353228	2.058209503826499	0.4969518673663736	1.4919041284948587	1.209269069655359	0.5884505804829896	1.7400306584618985	1.6142222599767446
1.9667598941921294	2.0320680323809386	0.47193062875622516	1.474628498378396	1.201589463620007	0.5737180006407798	1.7257238066986202	1.5942706946365832
1.9631738706267476	2.009501498532295	0.44931195296549803	1.4543282444953918	1.192760363659382	0.560882013661474	1.7119608640827237	1.5748121432148219
1.9626542357168197	1.9879150767445566	0.4295054463615418	1.4301959856629372	1.1820387532101275	0.5495980255991817	1.700876985695958	1.5561918719046117
1.9654249089135825	1.965336271327734	0.4130835947116614	1.4005890429198742	1.1694791698591114	0.5391250977457167	1.6911627072103321	1.5378453885697128
1.9725629036649168	1.942962855783105	0.39968299336934093	1.365442196059227	1.1553739067153335	0.529132227772534	1.6815148956447838	1.5198703768484592
1.9841182107216715	1.9229635731101036	0.38781663139367106	1.3270122646942735	1.1401266299248936	0.5192186829761267	1.6721214746654032	1.5018999608539343
1.9972782208806872	1.905654941764474	0.37565198719704157	1.2871945460841059	1.1236236930326822	0.5097989587948324	1.66459352761209	1.4826656222276688
2.0097301591112315	1.891384770256281	0.36244318410956866	1.246765938054025	1.1056014039949775	0.5005195753962399	1.6607326038077472	1.4612965196453334
2.0201446258983613	1.8804189751565457	0.34882844145798686	1.2069384901925921	1.0866220548660757	0.49000924614971886	1.6608508948802947	1.4392277910046578
2.0303023675679266	1.8744403258085252	0.33501090014183527	1.1692737106598914	1.0679577330262662	0.4786886511684061	1.6651732492044566	1.4189061229907274
2.040886521786362	1.872100123089552	0.32078311687910566	1.1346010059036313	1.0499598893435003	0.467666338408053	1.6748766861751674	1.401199496821344
2.050122832469553	1.8719297878563403	0.3059758320322037	1.1015959877066315	1.0325322702327073	0.45843019884234676	1.6897186712034045	1.3845121197261214
2.060815279610366	1.8745446096926928	0.2904711700996161	1.0691860183395445	1.0150357274436654	0.45122268150156747	1.707862967007607	1.3678293872483374
2.075932494889855	1.881815342721343	0.27457944041693216	1.0383127450972796	0.997086163336903	0.44640684879726183	1.7276821363054216	1.3512863844193816
2.094981048818588	1.8928406867057086	0.25930549374425416	1.0099266965777614	0.9789344728128315	0.4432611960784198	1.7486772494025526	1.3351731553755999
2.115766860786736	1.9042815528333188	0.24622742441499235	0.9837215596879948	0.9601209059697837	0.4409396451652647	1.7719946834415197	1.318994388335228
2.1391149126327633	1.9141380177259446	0.23613897310400012	0.9587286568728275	0.9401939632133842	0.4389688850954772	1.799087818666175	1.3024366205118896
2.167084994409144	1.923655963343382	0.22865747222507005	0.9340281520143151	0.9190803818148823	0.43753311161851893	1.8285078583367167	1.2852997422300576
2.2003017582706215	1.9342312194526197	0.22318430392646793	0.9093133420396595	0.8967355612241925	0.43711477825945627	1.8584726902430877	1.2670000228591562
2.238113491054535	1.9457935789942742	0.21944147563183314	0.8845843843158334	0.8728270598924981	0.43694737646883736	1.8880208163162926	1.2475755727075337
2.280451770212412	1.9591060792773962	0.21730617387795448	0.8590322842665016	0.8479067485137173	0.4364098964498044	1.9178229838654397	1.2262417447723746
2.3284148277602195	1.9745330049812795	0.21630807003581531	0.8320560895085334	0.8227276555518882	0.43459798229640734	1.9493687182653694	1.2018658635326027
2.3787792503050564	1.99324846650362	0.21575599613988405	0.8041795478828251	0.7978228410003038	0.4310790978983642	1.9814948770616203	1.1751469561353625
2.4294824854693413	2.0139553444206717	0.21572964404726036	0.7759668581813574	0.7734736174200924	0.42546043084716806	2.014209221654385	1.1485264535144268
2.4793386890850067	2.036230782982707	0.21712273593449594	0.7463955567657947	0.7496827807487251	0.41704770861721047	2.0494670993171633	1.1225639709577262
2.528784259628415	2.0621127425402404	0.21992564033174522	0.7149432830691337	0.7268069520467223	0.4064295998007656	2.0876188425429163	1.0961052782524676
2.5781348844132426	2.0916165747761726	0.22297001594507693	0.6822046703502536	0.7053046833933593	0.3945025155634285	2.126504007530212	1.0686873620420991
2.6259525898805856	2.1253244702637195	0.22590365410053737	0.6500328720763325	0.6848214682513178	0.38126105348175776	2.166068863388896	1.0410703414714262
2.671028944354415	2.1632472338497637	0.22973570794069775	0.619547192159295	0.6645084416703583	0.3661941589654089	2.2078061046048996	1.0137430228021294
2.7144155870041846	2.2035789893835784	0.23578133756124975	0.5906742945343255	0.6438153264881373	0.34982567152535926	2.2510067669942972	0.9867123890026305
2.7566994996926786	2.245119518828392	0.24432753142917163	0.5629400126516818	0.6221363790319563	0.33332979934072504	2.2932801437348127	0.960892156258069
2.7966310847661493	2.286738273409009	0.2543309129049778	0.5369912683844565	0.5998817679123283	0.3185130785868169	2.335509738844633	0.9369587023303211
2.8369908546767233	2.327510632020235	0.26501587976717955	0.513689858275652	0.5774634462506771	0.30603030254101765	2.379086370792985	0.9145980411496312
2.8794824551007747	2.3671092713594435	0.27614448093080524	0.4929081775724887	0.5548827585415246	0.2955027637646199	2.424458905187249	0.8925757159039676
2.92371368476367	2.404845956903696	0.28707458581233025	0.4748024320930242	0.5327171285138728	0.28699964261209976	2.4713399135440586	0.8699934881374538
2.968180274303913	2.44146118734479	0.29693994881415375	0.4594958264261484	0.5110112422765494	0.28005437503910074	2.5209520547360182	0.8471178183302581
3.011447574730873	2.4782097916424277	0.3050360059162379	0.44669247399568546	0.48970198192310344	0.2740040030196906	2.572907478761673	0.8246109800383746
3.0530371415576933	2.5148939579844476	0.31134730765426166	0.43475575828850266	0.4688673036904336	0.2691720363811255	2.6246463169425724	0.8031806907326281
3.094581826712847	2.5515002903163433	0.3161641181727648	0.422129634681344	0.44914063561570655	0.26528566496229183	2.673486473825574	0.7823574162580371
3.1356084659061434	2.588244983357191	0.319289016785264	0.4086462124764919	0.43087633756411087	0.2615040663347245	2.7224426483631134	0.7608010867022276
3.1765147361717228	2.626311974537373	0.3198595224788189	0.39446345755755896	0.41431915642929085	0.2565926522926093	2.7749982058525084	0.7377738068037033
3.2179727869889736	2.665996661525965	0.3168236538490057	0.379755567523837	0.3989363301457168	0.2499055765584708	2.830047287327051	0.7142543196834922
3.2578500055930615	2.706138085526228	0.310659806491971	0.36536360925734035	0.38398144424569614	0.24191267885422718	2.8835039005994796	0.6920158424981236
3.2969868232867716	2.7463966516673564	0.30320856896245485	0.35158249152004717	0.36882532418382175	0.23261078128373636	2.9352732954740524	0.6720081750683784
3.3361537576577662	2.786786342692375	0.2955781958719492	0.3380551165670156	0.3527589079947473	0.22109716577982907	2.9862038235485553	0.6540238741122484
3.374546752091408	2.826329344403744	0.2875482390096188	0.32508098888695236	0.3360596504570247	0.20815383924698838	3.0344477093338966	0.6374998164333701
3.41335688206172	2.863964435052872	0.27882701640033725	0.31244626051485536	0.3188515384109021	0.19577148471927652	3.078372687590122	0.6222379702113867
3.4521485313436986	2.9010127394020557	0.27007396593892574	0.3009900427043437	0.30116493298721325	0.18455879153466237	3.1204186003029344	0.6077811095275283
3.4885488382241725	2.938819045317173	0.26176117631995677	0.2913942630767822	0.2833215350569488	0.17457129953956618	3.1642007199048994	0.5942787910633087
3.5225365841350555	2.97616040058136	0.25355731520259384	0.28421544458270065	0.2658261411995888	0.16648761178708082	3.2065521017730236	0.5827640510730743
3.5542343869767192	3.011924248200655	0.24564450048112874	0.2796053928762674	0.24916066714239127	0.15994334581649317	3.2455779375553133	0.5739543851696253
3.5826703972182274	3.045185282599926	0.2391143150349856	0.27731310305297363	0.2338686797977687	0.1546267744616271	3.282683835160732	0.5677517674796582
3.6088335761389736	3.0771244099855424	0.23452122840487966	0.27672807681858536	0.22044769102942952	0.14969355516290672	3.3194536580264566	0.5634355000488758
3.6313696510753632	3.10751272405386	0.23081487257981304	0.27750715028047557	0.20913433187317854	0.14441976317918315	3.353907136839628	0.5603777283810376
3.650914787944317	3.1349437368631365	0.22663642806017403	0.2795341102212666	0.2004070468158723	0.13898384960150723	3.387500236940384	0.5590526923619509
3.669571482833385	3.161451106381416	0.22186225024068362	0.2828923641920089	0.1940187422097922	0.13297601249969015	3.4189304120361808	0.5598922436319589
3.6869259247741697	3.1876090051054957	0.21701121622526653	0.2883720349550246	0.18969259885561474	0.1251762819901706	3.447845844578743	0.562756408088684
3.702686529572964	3.212164657485485	0.2123252861371041	0.29576567922830577	0.18703406872463235	0.11613990986502176	3.471201327812672	0.5672364105068445
3.7170077918729785	3.233286813092232	0.20776788972520832	0.30406541502773754	0.18601323070240028	0.1063408915565015	3.4909792822420593	0.5728318055801391
3.7288426682314872	3.251942139041424	0.2032529793401957	0.3125833011746406	0.1862616932899953	0.09551267491436011	3.5093565178334716	0.5789806434892416
3.7385955826005937	3.2710675980567934	0.19825698436999328	0.32172170821130264	0.18759875642371182	0.08366841153955473	3.5267730509757995	0.5854042960785627
3.7446238071284297	3.291253985476494	0.19190236546301842	0.3316583049774169	0.18996408896756178	0.0707024974987508	3.5399467505335807	0.5923281739659905
3.7460418332777023	3.310107221019268	0.18392242379689216	0.34184453770816314	0.1934278490902186	0.057086288125872686	3.5499493986487387	0.6000054576926231
