	observed	Time_observed	ensemble_APAM2	Time_ensemble	ahps	Time_ahps
0	1.906	2019-01-20 00:00:00	-0.590239729749127	2019-01-22 12:00:00	-1.2	2019-01-22 18:00:00
1	1.886	2019-01-20 00:06:00	-0.7620147170245335	2019-01-22 13:00:00	-0.9	2019-01-22 19:00:00
2	1.877	2019-01-20 00:12:00	-0.8897477595751216	2019-01-22 14:00:00	-0.6	2019-01-22 20:00:00
3	1.864	2019-01-20 00:18:00	-1.1050204050323007	2019-01-22 15:00:00	-0.2	2019-01-22 21:00:00
4	1.844	2019-01-20 00:24:00	-1.245495740620724	2019-01-22 16:00:00	0.1	2019-01-22 22:00:00
5	1.824	2019-01-20 00:30:00	-1.2393775939834948	2019-01-22 17:00:00	0.3	2019-01-22 23:00:00
6	1.811	2019-01-20 00:36:00	-1.0391104341884785	2019-01-22 18:00:00	0.4	2019-01-23 00:00:00
7	1.791	2019-01-20 00:42:00	-0.7319148949123138	2019-01-22 19:00:00	0.2	2019-01-23 01:00:00
8	1.781	2019-01-20 00:48:00	-0.3903736450613109	2019-01-22 20:00:00	0.0	2019-01-23 02:00:00
9	1.762	2019-01-20 00:54:00	-0.07193689105282791	2019-01-22 21:00:00	-0.3	2019-01-23 03:00:00
10	1.736	2019-01-20 01:00:00	0.2338024157150621	2019-01-22 22:00:00	-0.5	2019-01-23 04:00:00
11	1.729	2019-01-20 01:06:00	0.4048586687151367	2019-01-22 23:00:00	-0.7	2019-01-23 05:00:00
12	1.699	2019-01-20 01:12:00	0.4133444926963443	2019-01-23 00:00:00	-0.8	2019-01-23 06:00:00
13	1.673	2019-01-20 01:18:00	0.2994085609969051	2019-01-23 01:00:00	-0.6	2019-01-23 07:00:00
14	1.650	2019-01-20 01:24:00	0.1503454122438334	2019-01-23 02:00:00	-0.3	2019-01-23 08:00:00
15	1.621	2019-01-20 01:30:00	-0.0561498959423348	2019-01-23 03:00:00	-0.1	2019-01-23 09:00:00
16	1.604	2019-01-20 01:36:00	-0.2655956573740601	2019-01-23 04:00:00	0.2	2019-01-23 10:00:00
17	1.601	2019-01-20 01:42:00	-0.4127432765268972	2019-01-23 05:00:00	0.3	2019-01-23 11:00:00
18	1.601	2019-01-20 01:48:00	-0.3782471322563666	2019-01-23 06:00:00	0.3	2019-01-23 12:00:00
19	1.608	2019-01-20 01:54:00	-0.168957693995337	2019-01-23 07:00:00	0.3	2019-01-23 13:00:00
20	1.621	2019-01-20 02:00:00	0.06261965803597977	2019-01-23 08:00:00	0.1	2019-01-23 14:00:00
21	1.598	2019-01-20 02:06:00	0.2866327731572177	2019-01-23 09:00:00	0.0	2019-01-23 15:00:00
22	1.575	2019-01-20 02:12:00	0.5006588469832489	2019-01-23 10:00:00	-0.3	2019-01-23 16:00:00
23	1.529	2019-01-20 02:18:00	0.6716377802530143	2019-01-23 11:00:00	-0.4	2019-01-23 17:00:00
24	1.503	2019-01-20 02:24:00	0.6747883221923462	2019-01-23 12:00:00	-0.3	2019-01-23 18:00:00
25	1.493	2019-01-20 02:30:00	0.5557045573980957	2019-01-23 13:00:00	-0.1	2019-01-23 19:00:00
26	1.476	2019-01-20 02:36:00	0.3634080902844985	2019-01-23 14:00:00	0.2	2019-01-23 20:00:00
27	1.480	2019-01-20 02:42:00	0.13423277284645915	2019-01-23 15:00:00	0.6	2019-01-23 21:00:00
28	1.483	2019-01-20 02:48:00	-0.09228787621277443	2019-01-23 16:00:00	1.2	2019-01-23 22:00:00
29	1.493	2019-01-20 02:54:00	-0.23685368005789578	2019-01-23 17:00:00	1.6	2019-01-23 23:00:00
30	1.503	2019-01-20 03:00:00	-0.1969543208920378	2019-01-23 18:00:00	2.1	2019-01-24 00:00:00
31	1.483	2019-01-20 03:06:00	0.03312516405744649	2019-01-23 19:00:00	2.1	2019-01-24 01:00:00
32	1.486	2019-01-20 03:12:00	0.3162862129781029	2019-01-23 20:00:00	2.0	2019-01-24 02:00:00
33	1.486	2019-01-20 03:18:00	0.6105038105510633	2019-01-23 21:00:00	1.8	2019-01-24 03:00:00
34	1.512	2019-01-20 03:24:00	0.9069100916512777	2019-01-23 22:00:00	1.5	2019-01-24 04:00:00
35	1.483	2019-01-20 03:30:00	1.155824966510391	2019-01-23 23:00:00	1.3	2019-01-24 05:00:00
36	1.512	2019-01-20 03:36:00	1.3099767335444714	2019-01-24 00:00:00	1.2	2019-01-24 06:00:00
37	1.470	2019-01-20 03:42:00	1.2987813193219442	2019-01-24 01:00:00	1.3	2019-01-24 07:00:00
38	1.519	2019-01-20 03:48:00	1.197799933279101	2019-01-24 02:00:00	1.4	2019-01-24 08:00:00
39	1.516	2019-01-20 03:54:00	1.0180510014248836	2019-01-24 03:00:00	1.7	2019-01-24 09:00:00
40	1.562	2019-01-20 04:00:00	0.7988135593513138	2019-01-24 04:00:00	1.9	2019-01-24 10:00:00
41	1.572	2019-01-20 04:06:00	0.6322922918525838	2019-01-24 05:00:00	2.2	2019-01-24 11:00:00
42	1.598	2019-01-20 04:12:00	0.6001178981960534	2019-01-24 06:00:00	2.4	2019-01-24 12:00:00
43	1.621	2019-01-20 04:18:00	0.66434968466193	2019-01-24 07:00:00	2.4	2019-01-24 13:00:00
44	1.624	2019-01-20 04:24:00	0.8645744128852	2019-01-24 08:00:00	2.3	2019-01-24 14:00:00
45	1.591	2019-01-20 04:30:00	1.0700479470831	2019-01-24 09:00:00	2.1	2019-01-24 15:00:00
46	1.631	2019-01-20 04:36:00	1.2792436213298333	2019-01-24 10:00:00	1.7	2019-01-24 16:00:00
47	1.647	2019-01-20 04:42:00	1.5148420686790667	2019-01-24 11:00:00	1.4	2019-01-24 17:00:00
48	1.690	2019-01-20 04:48:00	1.6498655686306003	2019-01-24 12:00:00	1.1	2019-01-24 18:00:00
49	1.667	2019-01-20 04:54:00	1.6586528889131003	2019-01-24 13:00:00	0.9	2019-01-24 19:00:00
50	1.716	2019-01-20 05:00:00	1.5314836176957334	2019-01-24 14:00:00	0.7	2019-01-24 20:00:00
51	1.749	2019-01-20 05:06:00	1.3036196022598332	2019-01-24 15:00:00	0.8	2019-01-24 21:00:00
52	1.752	2019-01-20 05:12:00	1.0095196951540666	2019-01-24 16:00:00	0.9	2019-01-24 22:00:00
53	1.736	2019-01-20 05:18:00	0.71494756538063	2019-01-24 17:00:00	1.1	2019-01-24 23:00:00
54	1.821	2019-01-20 05:24:00	0.5095417260980933	2019-01-24 18:00:00	1.2	2019-01-25 00:00:00
55	1.772	2019-01-20 05:30:00	0.4310872538762834	2019-01-24 19:00:00	1.3	2019-01-25 01:00:00
56	1.831	2019-01-20 05:36:00	0.4616654963959033	2019-01-24 20:00:00	1.2	2019-01-25 02:00:00
57	1.850	2019-01-20 05:42:00	0.6037152307999	2019-01-24 21:00:00	1.0	2019-01-25 03:00:00
58	1.893	2019-01-20 05:48:00	0.7801093350796	2019-01-24 22:00:00	0.8	2019-01-25 04:00:00
59	1.886	2019-01-20 05:54:00	0.9505984643759334	2019-01-24 23:00:00	0.5	2019-01-25 05:00:00
60	1.949	2019-01-20 06:00:00	1.0540087352114333	2019-01-25 00:00:00	0.2	2019-01-25 06:00:00
61	1.962	2019-01-20 06:06:00	1.0169366170957	2019-01-25 01:00:00	0.1	2019-01-25 07:00:00
62	1.975	2019-01-20 06:12:00	0.8869713448335665	2019-01-25 02:00:00	0.1	2019-01-25 08:00:00
63	2.011	2019-01-20 06:18:00	0.6590203889288001	2019-01-25 03:00:00	0.1	2019-01-25 09:00:00
64	1.975	2019-01-20 06:24:00	0.43448362364059334	2019-01-25 04:00:00	0.3	2019-01-25 10:00:00
65	2.037	2019-01-20 06:30:00	0.16491839835418665	2019-01-25 05:00:00	0.6	2019-01-25 11:00:00
66	2.047	2019-01-20 06:36:00	-0.040909436343990004	2019-01-25 06:00:00	0.8	2019-01-25 12:00:00
67	2.070	2019-01-20 06:42:00	-0.16355934353946666	2019-01-25 07:00:00	1.0	2019-01-25 13:00:00
68	2.093	2019-01-20 06:48:00	-0.12438211580496668	2019-01-25 08:00:00		
69	2.113	2019-01-20 06:54:00	0.02238741215260001	2019-01-25 09:00:00		
70	2.159	2019-01-20 07:00:00	0.23026465463211732	2019-01-25 10:00:00		
71	2.169	2019-01-20 07:06:00	0.43813028435860996	2019-01-25 11:00:00		
72	2.165	2019-01-20 07:12:00	0.6046632752092033	2019-01-25 12:00:00		
73	2.195	2019-01-20 07:18:00	0.7221020211322	2019-01-25 13:00:00		
74	2.192	2019-01-20 07:24:00	0.6580480039399333	2019-01-25 14:00:00		
75	2.231	2019-01-20 07:30:00	0.48055268926484335	2019-01-25 15:00:00		
76	2.244	2019-01-20 07:36:00	0.27834445053975665	2019-01-25 16:00:00		
77	2.260	2019-01-20 07:42:00	0.05867390323236665	2019-01-25 17:00:00		
78	2.293	2019-01-20 07:48:00	-0.1566978822435	2019-01-25 18:00:00		
79	2.323	2019-01-20 07:54:00	-0.146	2019-01-25 19:00:00		
80	2.313	2019-01-20 08:00:00	-0.21450000000000002	2019-01-25 20:00:00		
81	2.329	2019-01-20 08:06:00	-0.08149999999999999	2019-01-25 21:00:00		
82	2.323	2019-01-20 08:12:00	0.13899999999999998	2019-01-25 22:00:00		
83	2.343	2019-01-20 08:18:00	0.37	2019-01-25 23:00:00		
84	2.362	2019-01-20 08:24:00				
85	2.379	2019-01-20 08:30:00				
86	2.395	2019-01-20 08:36:00				
87	2.421	2019-01-20 08:42:00				
88	2.428	2019-01-20 08:48:00				
89	2.438	2019-01-20 08:54:00				
90	2.454	2019-01-20 09:00:00				
91	2.438	2019-01-20 09:06:00				
92	2.431	2019-01-20 09:12:00				
93	2.441	2019-01-20 09:18:00				
94	2.408	2019-01-20 09:24:00				
95	2.379	2019-01-20 09:30:00				
96	2.392	2019-01-20 09:36:00				
97	2.388	2019-01-20 09:42:00				
98	2.356	2019-01-20 09:48:00				
99	2.375	2019-01-20 09:54:00				
100	2.326	2019-01-20 10:00:00				
101	2.316	2019-01-20 10:06:00				
102	2.264	2019-01-20 10:12:00				
103	2.215	2019-01-20 10:18:00				
104	2.221	2019-01-20 10:24:00				
105	2.251	2019-01-20 10:30:00				
106	2.300	2019-01-20 10:36:00				
107	2.326	2019-01-20 10:42:00				
108	2.287	2019-01-20 10:48:00				
109	2.300	2019-01-20 10:54:00				
110	2.280	2019-01-20 11:00:00				
111	2.303	2019-01-20 11:06:00				
112	2.343	2019-01-20 11:12:00				
113	2.316	2019-01-20 11:18:00				
114	2.215	2019-01-20 11:24:00				
115	2.083	2019-01-20 11:30:00				
116	1.959	2019-01-20 11:36:00				
117	1.923	2019-01-20 11:42:00				
118	1.932	2019-01-20 11:48:00				
119	1.932	2019-01-20 11:54:00				
120	1.929	2019-01-20 12:00:00				
121	1.969	2019-01-20 12:06:00				
122	1.952	2019-01-20 12:12:00				
123	1.985	2019-01-20 12:18:00				
124	1.988	2019-01-20 12:24:00				
125	1.952	2019-01-20 12:30:00				
126	1.942	2019-01-20 12:36:00				
127	1.867	2019-01-20 12:42:00				
128	1.804	2019-01-20 12:48:00				
129	1.762	2019-01-20 12:54:00				
130	1.726	2019-01-20 13:00:00				
131	1.729	2019-01-20 13:06:00				
132	1.706	2019-01-20 13:12:00				
133	1.703	2019-01-20 13:18:00				
134	1.670	2019-01-20 13:24:00				
135	1.640	2019-01-20 13:30:00				
136	1.601	2019-01-20 13:36:00				
137	1.601	2019-01-20 13:42:00				
138	1.608	2019-01-20 13:48:00				
139	1.604	2019-01-20 13:54:00				
140	1.617	2019-01-20 14:00:00				
141	1.608	2019-01-20 14:06:00				
142	1.581	2019-01-20 14:12:00				
143	1.558	2019-01-20 14:18:00				
144	1.529	2019-01-20 14:24:00				
145	1.499	2019-01-20 14:30:00				
146	1.493	2019-01-20 14:36:00				
147	1.470	2019-01-20 14:42:00				
148	1.430	2019-01-20 14:48:00				
149	1.411	2019-01-20 14:54:00				
150	1.394	2019-01-20 15:00:00				
151	1.414	2019-01-20 15:06:00				
152	1.476	2019-01-20 15:12:00				
153	1.506	2019-01-20 15:18:00				
154	1.519	2019-01-20 15:24:00				
155	1.532	2019-01-20 15:30:00				
156	1.516	2019-01-20 15:36:00				
157	1.503	2019-01-20 15:42:00				
158	1.516	2019-01-20 15:48:00				
159		2019-01-20 15:54:00				
160	1.555	2019-01-20 16:00:00				
161	1.572	2019-01-20 16:06:00				
162	1.611	2019-01-20 16:12:00				
163	1.654	2019-01-20 16:18:00				
164	1.670	2019-01-20 16:24:00				
165	1.693	2019-01-20 16:30:00				
166	1.722	2019-01-20 16:36:00				
167	1.752	2019-01-20 16:42:00				
168	1.818	2019-01-20 16:48:00				
169	1.831	2019-01-20 16:54:00				
170	1.867	2019-01-20 17:00:00				
171	1.932	2019-01-20 17:06:00				
172	1.991	2019-01-20 17:12:00				
173	2.034	2019-01-20 17:18:00				
174	2.057	2019-01-20 17:24:00				
175	2.054	2019-01-20 17:30:00				
176	2.021	2019-01-20 17:36:00				
177	2.031	2019-01-20 17:42:00				
178	2.080	2019-01-20 17:48:00				
179	2.133	2019-01-20 17:54:00				
180	2.165	2019-01-20 18:00:00				
181	2.201	2019-01-20 18:06:00				
182	2.195	2019-01-20 18:12:00				
183	2.182	2019-01-20 18:18:00				
184	2.188	2019-01-20 18:24:00				
185	2.234	2019-01-20 18:30:00				
186	2.300	2019-01-20 18:36:00				
187	2.346	2019-01-20 18:42:00				
188	2.375	2019-01-20 18:48:00				
189	2.398	2019-01-20 18:54:00				
190	2.415	2019-01-20 19:00:00				
191	2.434	2019-01-20 19:06:00				
192	2.425	2019-01-20 19:12:00				
193	2.398	2019-01-20 19:18:00				
194	2.372	2019-01-20 19:24:00				
195	2.323	2019-01-20 19:30:00				
196	2.310	2019-01-20 19:36:00				
197	2.316	2019-01-20 19:42:00				
198	2.293	2019-01-20 19:48:00				
199	2.323	2019-01-20 19:54:00				
200	2.339	2019-01-20 20:00:00				
201	2.339	2019-01-20 20:06:00				
202	2.362	2019-01-20 20:12:00				
203	2.369	2019-01-20 20:18:00				
204	2.379	2019-01-20 20:24:00				
205	2.418	2019-01-20 20:30:00				
206	2.398	2019-01-20 20:36:00				
207	2.382	2019-01-20 20:42:00				
208	2.356	2019-01-20 20:48:00				
209	2.313	2019-01-20 20:54:00				
210	2.280	2019-01-20 21:00:00				
211	2.274	2019-01-20 21:06:00				
212	2.244	2019-01-20 21:12:00				
213	2.257	2019-01-20 21:18:00				
214	2.208	2019-01-20 21:24:00				
215	2.192	2019-01-20 21:30:00				
216	2.192	2019-01-20 21:36:00				
217	2.198	2019-01-20 21:42:00				
218	2.192	2019-01-20 21:48:00				
219	2.172	2019-01-20 21:54:00				
220	2.119	2019-01-20 22:00:00				
221	2.100	2019-01-20 22:06:00				
222	2.064	2019-01-20 22:12:00				
223	2.047	2019-01-20 22:18:00				
224	2.014	2019-01-20 22:24:00				
225	1.982	2019-01-20 22:30:00				
226	1.959	2019-01-20 22:36:00				
227	1.936	2019-01-20 22:42:00				
228	1.867	2019-01-20 22:48:00				
229	1.798	2019-01-20 22:54:00				
230	1.742	2019-01-20 23:00:00				
231	1.693	2019-01-20 23:06:00				
232	1.637	2019-01-20 23:12:00				
233	1.604	2019-01-20 23:18:00				
234	1.572	2019-01-20 23:24:00				
235	1.549	2019-01-20 23:30:00				
236	1.539	2019-01-20 23:36:00				
237	1.519	2019-01-20 23:42:00				
238	1.512	2019-01-20 23:48:00				
239	1.460	2019-01-20 23:54:00				
240	1.391	2019-01-21 00:00:00				
241	1.306	2019-01-21 00:06:00				
242	1.263	2019-01-21 00:12:00				
243	1.220	2019-01-21 00:18:00				
244	1.171	2019-01-21 00:24:00				
245	1.106	2019-01-21 00:30:00				
246	1.063	2019-01-21 00:36:00				
247	1.010	2019-01-21 00:42:00				
248	0.948	2019-01-21 00:48:00				
249	0.886	2019-01-21 00:54:00				
250	0.801	2019-01-21 01:00:00				
251	0.758	2019-01-21 01:06:00				
252	0.741	2019-01-21 01:12:00				
253	0.705	2019-01-21 01:18:00				
254	0.709	2019-01-21 01:24:00				
255	0.705	2019-01-21 01:30:00				
256	0.705	2019-01-21 01:36:00				
257	0.643	2019-01-21 01:42:00				
258	0.577	2019-01-21 01:48:00				
259	0.502	2019-01-21 01:54:00				
260	0.446	2019-01-21 02:00:00				
261	0.407	2019-01-21 02:06:00				
262	0.387	2019-01-21 02:12:00				
263	0.308	2019-01-21 02:18:00				
264	0.262	2019-01-21 02:24:00				
265	0.243	2019-01-21 02:30:00				
266	0.217	2019-01-21 02:36:00				
267	0.197	2019-01-21 02:42:00				
268	0.177	2019-01-21 02:48:00				
269	0.118	2019-01-21 02:54:00				
270	0.075	2019-01-21 03:00:00				
271	0.036	2019-01-21 03:06:00				
272	0.000	2019-01-21 03:12:00				
273	-0.013	2019-01-21 03:18:00				
274	-0.043	2019-01-21 03:24:00				
275	-0.062	2019-01-21 03:30:00				
276	-0.052	2019-01-21 03:36:00				
277	-0.092	2019-01-21 03:42:00				
278	-0.131	2019-01-21 03:48:00				
279	-0.177	2019-01-21 03:54:00				
280	-0.246	2019-01-21 04:00:00				
281	-0.282	2019-01-21 04:06:00				
282	-0.302	2019-01-21 04:12:00				
283	-0.322	2019-01-21 04:18:00				
284	-0.325	2019-01-21 04:24:00				
285	-0.315	2019-01-21 04:30:00				
286	-0.328	2019-01-21 04:36:00				
287	-0.344	2019-01-21 04:42:00				
288	-0.374	2019-01-21 04:48:00				
289	-0.410	2019-01-21 04:54:00				
290	-0.423	2019-01-21 05:00:00				
291	-0.463	2019-01-21 05:06:00				
292	-0.502	2019-01-21 05:12:00				
293	-0.538	2019-01-21 05:18:00				
294	-0.574	2019-01-21 05:24:00				
295	-0.561	2019-01-21 05:30:00				
296	-0.581	2019-01-21 05:36:00				
297	-0.561	2019-01-21 05:42:00				
298	-0.525	2019-01-21 05:48:00				
299	-0.518	2019-01-21 05:54:00				
300	-0.515	2019-01-21 06:00:00				
301	-0.512	2019-01-21 06:06:00				
302	-0.538	2019-01-21 06:12:00				
303	-0.571	2019-01-21 06:18:00				
304	-0.581	2019-01-21 06:24:00				
305	-0.610	2019-01-21 06:30:00				
306	-0.620	2019-01-21 06:36:00				
307	-0.630	2019-01-21 06:42:00				
308	-0.646	2019-01-21 06:48:00				
309	-0.650	2019-01-21 06:54:00				
310	-0.643	2019-01-21 07:00:00				
311	-0.656	2019-01-21 07:06:00				
312	-0.676	2019-01-21 07:12:00				
313	-0.699	2019-01-21 07:18:00				
314	-0.722	2019-01-21 07:24:00				
315	-0.738	2019-01-21 07:30:00				
316	-0.758	2019-01-21 07:36:00				
317	-0.748	2019-01-21 07:42:00				
318	-0.741	2019-01-21 07:48:00				
319	-0.722	2019-01-21 07:54:00				
320	-0.722	2019-01-21 08:00:00				
321	-0.722	2019-01-21 08:06:00				
322	-0.728	2019-01-21 08:12:00				
323	-0.732	2019-01-21 08:18:00				
324	-0.735	2019-01-21 08:24:00				
325	-0.745	2019-01-21 08:30:00				
326	-0.774	2019-01-21 08:36:00				
327	-0.784	2019-01-21 08:42:00				
328	-0.778	2019-01-21 08:48:00				
329	-0.768	2019-01-21 08:54:00				
330	-0.778	2019-01-21 09:00:00				
331	-0.827	2019-01-21 09:06:00				
332	-0.856	2019-01-21 09:12:00				
333	-0.879	2019-01-21 09:18:00				
334	-0.899	2019-01-21 09:24:00				
335	-0.925	2019-01-21 09:30:00				
336	-0.928	2019-01-21 09:36:00				
337	-0.922	2019-01-21 09:42:00				
338	-0.932	2019-01-21 09:48:00				
339	-0.935	2019-01-21 09:54:00				
340	-0.945	2019-01-21 10:00:00				
341	-0.971	2019-01-21 10:06:00				
342	-1.020	2019-01-21 10:12:00				
343	-1.024	2019-01-21 10:18:00				
344	-1.066	2019-01-21 10:24:00				
345	-1.106	2019-01-21 10:30:00				
346	-1.115	2019-01-21 10:36:00				
347	-1.145	2019-01-21 10:42:00				
348	-1.165	2019-01-21 10:48:00				
349	-1.155	2019-01-21 10:54:00				
350	-1.135	2019-01-21 11:00:00				
351	-1.161	2019-01-21 11:06:00				
352	-1.135	2019-01-21 11:12:00				
353	-1.138	2019-01-21 11:18:00				
354	-1.201	2019-01-21 11:24:00				
355	-1.234	2019-01-21 11:30:00				
356	-1.257	2019-01-21 11:36:00				
357	-1.276	2019-01-21 11:42:00				
358	-1.299	2019-01-21 11:48:00				
359	-1.306	2019-01-21 11:54:00				
360	-1.339	2019-01-21 12:00:00				
361	-1.355	2019-01-21 12:06:00				
362	-1.378	2019-01-21 12:12:00				
363	-1.401	2019-01-21 12:18:00				
364	-1.414	2019-01-21 12:24:00				
365	-1.430	2019-01-21 12:30:00				
366	-1.444	2019-01-21 12:36:00				
367	-1.463	2019-01-21 12:42:00				
368	-1.473	2019-01-21 12:48:00				
369	-1.506	2019-01-21 12:54:00				
370	-1.529	2019-01-21 13:00:00				
371	-1.549	2019-01-21 13:06:00				
372	-1.532	2019-01-21 13:12:00				
373	-1.522	2019-01-21 13:18:00				
374	-1.499	2019-01-21 13:24:00				
375	-1.526	2019-01-21 13:30:00				
376	-1.558	2019-01-21 13:36:00				
377	-1.591	2019-01-21 13:42:00				
378	-1.657	2019-01-21 13:48:00				
379	-1.703	2019-01-21 13:54:00				
380	-1.719	2019-01-21 14:00:00				
381	-1.762	2019-01-21 14:06:00				
382	-1.795	2019-01-21 14:12:00				
383	-1.814	2019-01-21 14:18:00				
384	-1.827	2019-01-21 14:24:00				
385	-1.860	2019-01-21 14:30:00				
386	-1.847	2019-01-21 14:36:00				
387	-1.837	2019-01-21 14:42:00				
388	-1.847	2019-01-21 14:48:00				
389	-1.850	2019-01-21 14:54:00				
390	-1.864	2019-01-21 15:00:00				
391	-1.864	2019-01-21 15:06:00				
392	-1.860	2019-01-21 15:12:00				
393	-1.886	2019-01-21 15:18:00				
394	-1.877	2019-01-21 15:24:00				
395	-1.896	2019-01-21 15:30:00				
396	-1.916	2019-01-21 15:36:00				
397	-1.916	2019-01-21 15:42:00				
398	-1.923	2019-01-21 15:48:00				
399	-1.913	2019-01-21 15:54:00				
400	-1.880	2019-01-21 16:00:00				
401	-1.883	2019-01-21 16:06:00				
402	-1.896	2019-01-21 16:12:00				
403	-1.886	2019-01-21 16:18:00				
404	-1.867	2019-01-21 16:24:00				
405	-1.854	2019-01-21 16:30:00				
406	-1.857	2019-01-21 16:36:00				
407	-1.841	2019-01-21 16:42:00				
408	-1.801	2019-01-21 16:48:00				
409	-1.775	2019-01-21 16:54:00				
410	-1.709	2019-01-21 17:00:00				
411	-1.680	2019-01-21 17:06:00				
412	-1.703	2019-01-21 17:12:00				
413	-1.663	2019-01-21 17:18:00				
414	-1.644	2019-01-21 17:24:00				
415	-1.611	2019-01-21 17:30:00				
416	-1.572	2019-01-21 17:36:00				
417	-1.545	2019-01-21 17:42:00				
418	-1.522	2019-01-21 17:48:00				
419	-1.509	2019-01-21 17:54:00				
420	-1.473	2019-01-21 18:00:00				
421	-1.421	2019-01-21 18:06:00				
422	-1.407	2019-01-21 18:12:00				
423	-1.362	2019-01-21 18:18:00				
424	-1.322	2019-01-21 18:24:00				
425	-1.316	2019-01-21 18:30:00				
426	-1.289	2019-01-21 18:36:00				
427	-1.250	2019-01-21 18:42:00				
428	-1.211	2019-01-21 18:48:00				
429	-1.171	2019-01-21 18:54:00				
430	-1.096	2019-01-21 19:00:00				
431	-1.066	2019-01-21 19:06:00				
432	-1.053	2019-01-21 19:12:00				
433	-1.056	2019-01-21 19:18:00				
434	-1.043	2019-01-21 19:24:00				
435	-1.001	2019-01-21 19:30:00				
436	-0.968	2019-01-21 19:36:00				
437	-0.951	2019-01-21 19:42:00				
438	-0.935	2019-01-21 19:48:00				
439	-0.896	2019-01-21 19:54:00				
440	-0.860	2019-01-21 20:00:00				
441	-0.817	2019-01-21 20:06:00				
442	-0.774	2019-01-21 20:12:00				
443	-0.755	2019-01-21 20:18:00				
444	-0.751	2019-01-21 20:24:00				
445	-0.732	2019-01-21 20:30:00				
446	-0.715	2019-01-21 20:36:00				
447	-0.715	2019-01-21 20:42:00				
448	-0.686	2019-01-21 20:48:00				
449	-0.633	2019-01-21 20:54:00				
450	-0.584	2019-01-21 21:00:00				
451	-0.561	2019-01-21 21:06:00				
452	-0.528	2019-01-21 21:12:00				
453	-0.499	2019-01-21 21:18:00				
454	-0.472	2019-01-21 21:24:00				
455	-0.453	2019-01-21 21:30:00				
456	-0.459	2019-01-21 21:36:00				
457	-0.446	2019-01-21 21:42:00				
458	-0.430	2019-01-21 21:48:00				
459	-0.417	2019-01-21 21:54:00				
460	-0.397	2019-01-21 22:00:00				
461	-0.384	2019-01-21 22:06:00				
462	-0.364	2019-01-21 22:12:00				
463	-0.348	2019-01-21 22:18:00				
464	-0.331	2019-01-21 22:24:00				
465	-0.331	2019-01-21 22:30:00				
466	-0.328	2019-01-21 22:36:00				
467	-0.312	2019-01-21 22:42:00				
468	-0.318	2019-01-21 22:48:00				
469	-0.308	2019-01-21 22:54:00				
470	-0.305	2019-01-21 23:00:00				
471	-0.308	2019-01-21 23:06:00				
472	-0.302	2019-01-21 23:12:00				
473	-0.312	2019-01-21 23:18:00				
474	-0.312	2019-01-21 23:24:00				
475	-0.308	2019-01-21 23:30:00				
476	-0.318	2019-01-21 23:36:00				
477	-0.335	2019-01-21 23:42:00				
478	-0.344	2019-01-21 23:48:00				
479	-0.341	2019-01-21 23:54:00				
480	-0.358	2019-01-22 00:00:00				
481	-0.358	2019-01-22 00:06:00				
482	-0.364	2019-01-22 00:12:00				
483	-0.377	2019-01-22 00:18:00				
484	-0.384	2019-01-22 00:24:00				
485	-0.417	2019-01-22 00:30:00				
486	-0.433	2019-01-22 00:36:00				
487	-0.456	2019-01-22 00:42:00				
488	-0.459	2019-01-22 00:48:00				
489	-0.466	2019-01-22 00:54:00				
490	-0.489	2019-01-22 01:00:00				
491	-0.509	2019-01-22 01:06:00				
492	-0.512	2019-01-22 01:12:00				
493	-0.522	2019-01-22 01:18:00				
494	-0.551	2019-01-22 01:24:00				
495	-0.577	2019-01-22 01:30:00				
496	-0.600	2019-01-22 01:36:00				
497	-0.627	2019-01-22 01:42:00				
498	-0.643	2019-01-22 01:48:00				
499	-0.663	2019-01-22 01:54:00				
500	-0.682	2019-01-22 02:00:00				
501	-0.692	2019-01-22 02:06:00				
502	-0.692	2019-01-22 02:12:00				
503	-0.705	2019-01-22 02:18:00				
504	-0.728	2019-01-22 02:24:00				
505	-0.748	2019-01-22 02:30:00				
506	-0.768	2019-01-22 02:36:00				
507	-0.784	2019-01-22 02:42:00				
508	-0.810	2019-01-22 02:48:00				
509	-0.840	2019-01-22 02:54:00				
510	-0.860	2019-01-22 03:00:00				
511	-0.892	2019-01-22 03:06:00				
512	-0.915	2019-01-22 03:12:00				
513	-0.925	2019-01-22 03:18:00				
514	-0.951	2019-01-22 03:24:00				
515	-0.971	2019-01-22 03:30:00				
516	-0.994	2019-01-22 03:36:00				
517	-1.020	2019-01-22 03:42:00				
518	-1.037	2019-01-22 03:48:00				
519	-1.053	2019-01-22 03:54:00				
520	-1.066	2019-01-22 04:00:00				
521	-1.079	2019-01-22 04:06:00				
522	-1.086	2019-01-22 04:12:00				
523	-1.106	2019-01-22 04:18:00				
524	-1.125	2019-01-22 04:24:00				
525	-1.135	2019-01-22 04:30:00				
526	-1.138	2019-01-22 04:36:00				
527	-1.145	2019-01-22 04:42:00				
528	-1.155	2019-01-22 04:48:00				
529	-1.161	2019-01-22 04:54:00				
530	-1.161	2019-01-22 05:00:00				
531	-1.171	2019-01-22 05:06:00				
532	-1.175	2019-01-22 05:12:00				
533	-1.175	2019-01-22 05:18:00				
534	-1.178	2019-01-22 05:24:00				
535	-1.165	2019-01-22 05:30:00				
536	-1.158	2019-01-22 05:36:00				
537	-1.158	2019-01-22 05:42:00				
538	-1.155	2019-01-22 05:48:00				
539	-1.152	2019-01-22 05:54:00				
540	-1.142	2019-01-22 06:00:00				
